,mean_fit_time,std_fit_time,mean_score_time,std_score_time,param_warm_start,param_verbose,param_random_state,param_oob_score,param_n_jobs,param_n_estimators,param_min_weight_fraction_leaf,param_min_samples_split,param_min_samples_leaf,param_min_impurity_decrease,param_max_samples,param_max_leaf_nodes,param_max_features,param_max_depth,param_criterion,param_ccp_alpha,param_bootstrap,params,split0_test_score,split1_test_score,split2_test_score,split3_test_score,split4_test_score,split5_test_score,split6_test_score,split7_test_score,split8_test_score,split9_test_score,mean_test_score,std_test_score,rank_test_score
0,1.416106939315796,0.05898371294323582,0.1494072675704956,0.03899041733721226,False,0,42,False,-1,500,0.0,8,9,0.1,160,400,,1400,absolute_error,0.2,True,"{'warm_start': False, 'verbose': 0, 'random_state': 42, 'oob_score': False, 'n_jobs': -1, 'n_estimators': 500, 'min_weight_fraction_leaf': 0.0, 'min_samples_split': 8, 'min_samples_leaf': 9, 'min_impurity_decrease': 0.1, 'max_samples': 160, 'max_leaf_nodes': 400, 'max_features': None, 'max_depth': 1400, 'criterion': 'absolute_error', 'ccp_alpha': 0.2, 'bootstrap': True}",-90958897968533.39,-181762798147692.78,-92423306638575.81,-186047605658984.4,-0.3546837683283042,-0.5863332294588594,-92857661489855.66,-1.3362590004563677,-92621969780033.55,-0.45481888860578296,-73667223968367.83,68847505984472.336,51
1,0.7754454135894775,0.030351910666544,0.0,0.0,True,0,42,False,-1,1600,0.8,20,20,0.3,160,1600,sqrt,1800,absolute_error,0.8,True,"{'warm_start': True, 'verbose': 0, 'random_state': 42, 'oob_score': False, 'n_jobs': -1, 'n_estimators': 1600, 'min_weight_fraction_leaf': 0.8, 'min_samples_split': 20, 'min_samples_leaf': 20, 'min_impurity_decrease': 0.3, 'max_samples': 160, 'max_leaf_nodes': 1600, 'max_features': 'sqrt', 'max_depth': 1800, 'criterion': 'absolute_error', 'ccp_alpha': 0.8, 'bootstrap': True}",,,,,,,,,,,,,71
2,5.544860768318176,0.11980355875443306,0.33086285591125486,0.0534915022885408,False,0,42,False,-1,1800,0.0,13,4,1.0,250,400,auto,2000,absolute_error,0.2,True,"{'warm_start': False, 'verbose': 0, 'random_state': 42, 'oob_score': False, 'n_jobs': -1, 'n_estimators': 1800, 'min_weight_fraction_leaf': 0.0, 'min_samples_split': 13, 'min_samples_leaf': 4, 'min_impurity_decrease': 1.0, 'max_samples': 250, 'max_leaf_nodes': 400, 'max_features': 'auto', 'max_depth': 2000, 'criterion': 'absolute_error', 'ccp_alpha': 0.2, 'bootstrap': True}",-90764168314315.61,-181431611361908.2,-92535217907511.3,-186160856777433.25,-0.35472570915287477,-0.5865361085850879,-92872684045003.42,-1.3362620724401044,-92631984816798.83,-0.45422459914194613,-73639652322297.34,68812957436663.695,40
3,0.8412779331207275,0.09348088476076226,0.0,0.0,True,0,42,True,-1,1400,0.6,20,11,0.1,170,1700,,,poisson,0.4,True,"{'warm_start': True, 'verbose': 0, 'random_state': 42, 'oob_score': True, 'n_jobs': -1, 'n_estimators': 1400, 'min_weight_fraction_leaf': 0.6, 'min_samples_split': 20, 'min_samples_leaf': 11, 'min_impurity_decrease': 0.1, 'max_samples': 170, 'max_leaf_nodes': 1700, 'max_features': None, 'max_depth': None, 'criterion': 'poisson', 'ccp_alpha': 0.4, 'bootstrap': True}",,,,,,,,,,,,,70
4,2.080549478530884,0.10225767714193842,0.22017745971679686,0.04977468344110621,False,0,42,True,-1,700,0.0,7,20,0.6,140,100,log2,1200,absolute_error,0.2,True,"{'warm_start': False, 'verbose': 0, 'random_state': 42, 'oob_score': True, 'n_jobs': -1, 'n_estimators': 700, 'min_weight_fraction_leaf': 0.0, 'min_samples_split': 7, 'min_samples_leaf': 20, 'min_impurity_decrease': 0.6, 'max_samples': 140, 'max_leaf_nodes': 100, 'max_features': 'log2', 'max_depth': 1200, 'criterion': 'absolute_error', 'ccp_alpha': 0.2, 'bootstrap': True}",-90837063127750.55,-181516280114714.47,-92472672262847.83,-186050807377301.53,-0.3546576964480663,-0.5862768437281611,-92879673303286.75,-1.3352322827267316,-92545667960353.19,-0.45405634172298204,-73630216414625.7,68806160119602.16,37
5,0.9291178464889527,0.05997610944775436,0.0,0.0,True,0,42,False,-1,1900,0.6,9,2,0.3,100,1700,,1200,squared_error,0.8,True,"{'warm_start': True, 'verbose': 0, 'random_state': 42, 'oob_score': False, 'n_jobs': -1, 'n_estimators': 1900, 'min_weight_fraction_leaf': 0.6, 'min_samples_split': 9, 'min_samples_leaf': 2, 'min_impurity_decrease': 0.3, 'max_samples': 100, 'max_leaf_nodes': 1700, 'max_features': None, 'max_depth': 1200, 'criterion': 'squared_error', 'ccp_alpha': 0.8, 'bootstrap': True}",,,,,,,,,,,,,68
6,0.5937951326370239,0.0427768054120216,0.08452718257904053,0.04042196808165634,True,0,42,True,-1,200,0.1,16,17,0.4,150,1300,auto,1000,squared_error,0.2,True,"{'warm_start': True, 'verbose': 0, 'random_state': 42, 'oob_score': True, 'n_jobs': -1, 'n_estimators': 200, 'min_weight_fraction_leaf': 0.1, 'min_samples_split': 16, 'min_samples_leaf': 17, 'min_impurity_decrease': 0.4, 'max_samples': 150, 'max_leaf_nodes': 1300, 'max_features': 'auto', 'max_depth': 1000, 'criterion': 'squared_error', 'ccp_alpha': 0.2, 'bootstrap': True}",-80307559069609.19,-160719597251452.28,-80230814113552.62,-162240566726531.9,-0.3453435970674481,-0.5501734684608989,-81487211302831.31,-1.217357513951533,-81530707690209.9,-0.4218873539469198,-64651645615418.96,60438520087787.54,4
7,0.5117439746856689,0.04174781670150405,0.0,0.0,False,0,42,False,-1,1000,1.0,10,7,0.0,170,500,,800,absolute_error,0.2,True,"{'warm_start': False, 'verbose': 0, 'random_state': 42, 'oob_score': False, 'n_jobs': -1, 'n_estimators': 1000, 'min_weight_fraction_leaf': 1.0, 'min_samples_split': 10, 'min_samples_leaf': 7, 'min_impurity_decrease': 0.0, 'max_samples': 170, 'max_leaf_nodes': 500, 'max_features': None, 'max_depth': 800, 'criterion': 'absolute_error', 'ccp_alpha': 0.2, 'bootstrap': True}",,,,,,,,,,,,,65
8,0.2539550542831421,0.04483743337870576,0.07641863822937012,0.043285944676369,True,0,42,False,-1,100,0.2,18,19,0.3,240,2000,log2,400,poisson,0.3,True,"{'warm_start': True, 'verbose': 0, 'random_state': 42, 'oob_score': False, 'n_jobs': -1, 'n_estimators': 100, 'min_weight_fraction_leaf': 0.2, 'min_samples_split': 18, 'min_samples_leaf': 19, 'min_impurity_decrease': 0.3, 'max_samples': 240, 'max_leaf_nodes': 2000, 'max_features': 'log2', 'max_depth': 400, 'criterion': 'poisson', 'ccp_alpha': 0.3, 'bootstrap': True}",-80284068082541.88,-160614817479902.0,-80442336765224.11,-162474902346240.66,-0.34535717902839297,-0.5499115702933413,-81290796469458.7,-1.2152425214495748,-81382220897984.48,-0.4218855933700126,-64648914204135.44,60455068447438.94,3
9,1.7017263889312744,0.06762519385174418,0.15663576126098633,0.038183007052792706,True,0,42,True,-1,600,0.4,19,20,1.0,200,1000,log2,,poisson,0.3,True,"{'warm_start': True, 'verbose': 0, 'random_state': 42, 'oob_score': True, 'n_jobs': -1, 'n_estimators': 600, 'min_weight_fraction_leaf': 0.4, 'min_samples_split': 19, 'min_samples_leaf': 20, 'min_impurity_decrease': 1.0, 'max_samples': 200, 'max_leaf_nodes': 1000, 'max_features': 'log2', 'max_depth': None, 'criterion': 'poisson', 'ccp_alpha': 0.3, 'bootstrap': True}",-80245988195582.67,-160816364056632.62,-80531177923286.83,-162803894273906.97,-0.34539734607518613,-0.5504073702216591,-81590302572496.97,-1.2176619106226463,-81555609605442.73,-0.4218869462189328,-64754333662735.14,60554733778030.28,31
10,0.3684774160385132,0.06543543410503762,0.0,0.0,False,0,42,False,-1,600,0.7,2,6,1.0,120,1900,sqrt,200,absolute_error,0.6,True,"{'warm_start': False, 'verbose': 0, 'random_state': 42, 'oob_score': False, 'n_jobs': -1, 'n_estimators': 600, 'min_weight_fraction_leaf': 0.7, 'min_samples_split': 2, 'min_samples_leaf': 6, 'min_impurity_decrease': 1.0, 'max_samples': 120, 'max_leaf_nodes': 1900, 'max_features': 'sqrt', 'max_depth': 200, 'criterion': 'absolute_error', 'ccp_alpha': 0.6, 'bootstrap': True}",,,,,,,,,,,,,63
11,0.28801937103271485,0.04799141173725106,0.0,0.0,False,0,42,True,-1,500,0.7,4,19,0.0,140,600,sqrt,1600,squared_error,0.7,True,"{'warm_start': False, 'verbose': 0, 'random_state': 42, 'oob_score': True, 'n_jobs': -1, 'n_estimators': 500, 'min_weight_fraction_leaf': 0.7, 'min_samples_split': 4, 'min_samples_leaf': 19, 'min_impurity_decrease': 0.0, 'max_samples': 140, 'max_leaf_nodes': 600, 'max_features': 'sqrt', 'max_depth': 1600, 'criterion': 'squared_error', 'ccp_alpha': 0.7, 'bootstrap': True}",,,,,,,,,,,,,62
12,4.360315489768982,0.09980299691256438,0.3460422992706299,0.03168751652134181,False,0,42,False,-1,1900,0.0,20,18,0.6,200,1900,log2,400,poisson,0.4,True,"{'warm_start': False, 'verbose': 0, 'random_state': 42, 'oob_score': False, 'n_jobs': -1, 'n_estimators': 1900, 'min_weight_fraction_leaf': 0.0, 'min_samples_split': 20, 'min_samples_leaf': 18, 'min_impurity_decrease': 0.6, 'max_samples': 200, 'max_leaf_nodes': 1900, 'max_features': 'log2', 'max_depth': 400, 'criterion': 'poisson', 'ccp_alpha': 0.4, 'bootstrap': True}",-80107200347031.39,-160508648512399.34,-80555286346302.11,-162887648437930.6,-0.34540444302053935,-0.550493540930033,-81611962190807.72,-1.2174498344676237,-81632055445971.7,-0.4218874670293398,-64730280128044.54,60519371412058.5,21
13,1.382032823562622,0.07244831378141943,0.14401159286499024,0.040917190264779905,True,0,42,True,-1,500,0.5,15,2,0.7,,1500,,1200,poisson,0.6,True,"{'warm_start': True, 'verbose': 0, 'random_state': 42, 'oob_score': True, 'n_jobs': -1, 'n_estimators': 500, 'min_weight_fraction_leaf': 0.5, 'min_samples_split': 15, 'min_samples_leaf': 2, 'min_impurity_decrease': 0.7, 'max_samples': None, 'max_leaf_nodes': 1500, 'max_features': None, 'max_depth': 1200, 'criterion': 'poisson', 'ccp_alpha': 0.6, 'bootstrap': True}",-80172147225496.56,-160567026396809.12,-80486984606432.97,-162751800802085.12,-0.3454012605927111,-0.5503790938657412,-81565698724209.28,-1.2173031382560255,-81581850567600.95,-0.4218873421516207,-64712550832263.65,60503773196584.89,7
14,0.8205894947052002,0.08268566648816351,0.0,0.0,True,0,42,True,-1,1600,0.9,18,12,0.2,230,1400,,1200,absolute_error,0.0,True,"{'warm_start': True, 'verbose': 0, 'random_state': 42, 'oob_score': True, 'n_jobs': -1, 'n_estimators': 1600, 'min_weight_fraction_leaf': 0.9, 'min_samples_split': 18, 'min_samples_leaf': 12, 'min_impurity_decrease': 0.2, 'max_samples': 230, 'max_leaf_nodes': 1400, 'max_features': None, 'max_depth': 1200, 'criterion': 'absolute_error', 'ccp_alpha': 0.0, 'bootstrap': True}",,,,,,,,,,,,,60
15,4.150416254997253,0.15414123471380503,0.35053000450134275,0.038667668871095524,True,0,42,True,-1,1500,0.3,7,13,0.2,120,1400,,1000,poisson,0.5,True,"{'warm_start': True, 'verbose': 0, 'random_state': 42, 'oob_score': True, 'n_jobs': -1, 'n_estimators': 1500, 'min_weight_fraction_leaf': 0.3, 'min_samples_split': 7, 'min_samples_leaf': 13, 'min_impurity_decrease': 0.2, 'max_samples': 120, 'max_leaf_nodes': 1400, 'max_features': None, 'max_depth': 1000, 'criterion': 'poisson', 'ccp_alpha': 0.5, 'bootstrap': True}",-80086602164814.23,-160522413531503.62,-80516440932024.94,-162837866225983.44,-0.3453993198824814,-0.5504795098641665,-81606312420796.42,-1.2173188461616171,-81653204446991.8,-0.42188823419346483,-64722283972211.69,60512372806941.375,15
16,3.383686971664429,0.09110281764210805,0.3125923633575439,0.036078561461696655,True,0,42,False,-1,1500,0.0,15,12,0.4,230,1400,sqrt,1200,squared_error,0.1,True,"{'warm_start': True, 'verbose': 0, 'random_state': 42, 'oob_score': False, 'n_jobs': -1, 'n_estimators': 1500, 'min_weight_fraction_leaf': 0.0, 'min_samples_split': 15, 'min_samples_leaf': 12, 'min_impurity_decrease': 0.4, 'max_samples': 230, 'max_leaf_nodes': 1400, 'max_features': 'sqrt', 'max_depth': 1200, 'criterion': 'squared_error', 'ccp_alpha': 0.1, 'bootstrap': True}",-80131282581566.62,-160561965425029.84,-80516932180758.33,-162827361146761.03,-0.34539155416581835,-0.5504181490798066,-81583800153943.72,-1.2171986497422906,-81601039904070.23,-0.4218873581906129,-64722238139213.234,60515996363464.06,14
17,1.8923423051834107,0.1104331046752936,0.20467054843902588,0.03876481016334809,True,0,42,False,-1,800,0.3,15,5,0.8,100,,log2,600,absolute_error,0.1,True,"{'warm_start': True, 'verbose': 0, 'random_state': 42, 'oob_score': False, 'n_jobs': -1, 'n_estimators': 800, 'min_weight_fraction_leaf': 0.3, 'min_samples_split': 15, 'min_samples_leaf': 5, 'min_impurity_decrease': 0.8, 'max_samples': 100, 'max_leaf_nodes': None, 'max_features': 'log2', 'max_depth': 600, 'criterion': 'absolute_error', 'ccp_alpha': 0.1, 'bootstrap': True}",-90846610615186.69,-181600798161096.78,-92391607017138.53,-186086522197117.53,-0.35467283241694547,-0.586091348407078,-92926024266154.12,-1.3365221755931864,-92629506433545.12,-0.4546719395518157,-73648106869024.16,68826880168845.7,46
18,3.7311171531677245,0.09930220835655951,0.31431126594543457,0.0444194933551164,False,0,42,False,-1,1600,0.1,4,18,1.0,200,1800,,1200,squared_error,0.4,True,"{'warm_start': False, 'verbose': 0, 'random_state': 42, 'oob_score': False, 'n_jobs': -1, 'n_estimators': 1600, 'min_weight_fraction_leaf': 0.1, 'min_samples_split': 4, 'min_samples_leaf': 18, 'min_impurity_decrease': 1.0, 'max_samples': 200, 'max_leaf_nodes': 1800, 'max_features': None, 'max_depth': 1200, 'criterion': 'squared_error', 'ccp_alpha': 0.4, 'bootstrap': True}",-80112291599501.97,-160510612570941.5,-80552372414014.42,-162907273306706.72,-0.34540992341269555,-0.5505260183669847,-81630355572002.58,-1.2176542590766732,-81654014573804.39,-0.4218876399516116,-64736692003697.4,60524045256401.57,23
19,4.2826954364776615,0.19600465569024586,0.3477729558944702,0.05072767965898622,False,0,42,True,-1,1600,0.5,4,6,0.7,150,900,sqrt,,poisson,0.4,True,"{'warm_start': False, 'verbose': 0, 'random_state': 42, 'oob_score': True, 'n_jobs': -1, 'n_estimators': 1600, 'min_weight_fraction_leaf': 0.5, 'min_samples_split': 4, 'min_samples_leaf': 6, 'min_impurity_decrease': 0.7, 'max_samples': 150, 'max_leaf_nodes': 900, 'max_features': 'sqrt', 'max_depth': None, 'criterion': 'poisson', 'ccp_alpha': 0.4, 'bootstrap': True}",-80101430899851.19,-160506506939413.22,-80532659878051.4,-162888066259423.66,-0.3454077932643821,-0.5505200938649848,-81609778604720.2,-1.21733227718612,-81630174768446.2,-0.42188780199614107,-64726861734990.836,60518248929472.625,18
20,1.1400614023208617,0.09520116901060328,0.13350558280944824,0.038117497956789474,False,0,42,True,-1,400,0.3,12,19,0.6,150,200,log2,2000,squared_error,0.4,True,"{'warm_start': False, 'verbose': 0, 'random_state': 42, 'oob_score': True, 'n_jobs': -1, 'n_estimators': 400, 'min_weight_fraction_leaf': 0.3, 'min_samples_split': 12, 'min_samples_leaf': 19, 'min_impurity_decrease': 0.6, 'max_samples': 150, 'max_leaf_nodes': 200, 'max_features': 'log2', 'max_depth': 2000, 'criterion': 'squared_error', 'ccp_alpha': 0.4, 'bootstrap': True}",-80341739286561.33,-160894343610620.12,-80429611239961.22,-162654352857708.56,-0.34538672762059347,-0.5503894190982451,-81557315883497.05,-1.2175663678781954,-81571684754488.61,-0.42188754228380665,-64744904763283.94,60542261557520.68,28
21,0.7536453247070313,0.03178364522222919,0.0,0.0,False,0,42,False,-1,1500,0.8,2,8,0.5,160,1600,,1600,squared_error,0.1,True,"{'warm_start': False, 'verbose': 0, 'random_state': 42, 'oob_score': False, 'n_jobs': -1, 'n_estimators': 1500, 'min_weight_fraction_leaf': 0.8, 'min_samples_split': 2, 'min_samples_leaf': 8, 'min_impurity_decrease': 0.5, 'max_samples': 160, 'max_leaf_nodes': 1600, 'max_features': None, 'max_depth': 1600, 'criterion': 'squared_error', 'ccp_alpha': 0.1, 'bootstrap': True}",,,,,,,,,,,,,59
22,0.11686196327209472,0.02348112401855963,0.0,0.0,False,0,42,False,-1,100,1.0,7,15,0.4,160,1700,log2,,absolute_error,0.1,True,"{'warm_start': False, 'verbose': 0, 'random_state': 42, 'oob_score': False, 'n_jobs': -1, 'n_estimators': 100, 'min_weight_fraction_leaf': 1.0, 'min_samples_split': 7, 'min_samples_leaf': 15, 'min_impurity_decrease': 0.4, 'max_samples': 160, 'max_leaf_nodes': 1700, 'max_features': 'log2', 'max_depth': None, 'criterion': 'absolute_error', 'ccp_alpha': 0.1, 'bootstrap': True}",,,,,,,,,,,,,56
23,0.1859586000442505,0.02494103446426048,0.0,0.0,True,0,42,True,-1,300,0.7,5,16,0.2,100,1800,,1600,poisson,0.7,True,"{'warm_start': True, 'verbose': 0, 'random_state': 42, 'oob_score': True, 'n_jobs': -1, 'n_estimators': 300, 'min_weight_fraction_leaf': 0.7, 'min_samples_split': 5, 'min_samples_leaf': 16, 'min_impurity_decrease': 0.2, 'max_samples': 100, 'max_leaf_nodes': 1800, 'max_features': None, 'max_depth': 1600, 'criterion': 'poisson', 'ccp_alpha': 0.7, 'bootstrap': True}",,,,,,,,,,,,,76
24,0.8630521059036255,0.03536067734076056,0.0,0.0,True,0,42,True,-1,1800,0.6,12,3,0.5,240,2000,log2,1400,squared_error,0.3,True,"{'warm_start': True, 'verbose': 0, 'random_state': 42, 'oob_score': True, 'n_jobs': -1, 'n_estimators': 1800, 'min_weight_fraction_leaf': 0.6, 'min_samples_split': 12, 'min_samples_leaf': 3, 'min_impurity_decrease': 0.5, 'max_samples': 240, 'max_leaf_nodes': 2000, 'max_features': 'log2', 'max_depth': 1400, 'criterion': 'squared_error', 'ccp_alpha': 0.3, 'bootstrap': True}",,,,,,,,,,,,,99
25,0.13108320236206056,0.012230423447223557,0.0,0.0,True,0,42,False,-1,200,0.7,6,2,0.6,230,,log2,1600,absolute_error,0.7,True,"{'warm_start': True, 'verbose': 0, 'random_state': 42, 'oob_score': False, 'n_jobs': -1, 'n_estimators': 200, 'min_weight_fraction_leaf': 0.7, 'min_samples_split': 6, 'min_samples_leaf': 2, 'min_impurity_decrease': 0.6, 'max_samples': 230, 'max_leaf_nodes': None, 'max_features': 'log2', 'max_depth': 1600, 'criterion': 'absolute_error', 'ccp_alpha': 0.7, 'bootstrap': True}",,,,,,,,,,,,,77
26,0.5547062397003174,0.053360075694963684,0.0,0.0,True,0,42,True,-1,1100,0.9,4,4,0.4,190,1800,sqrt,1000,absolute_error,0.0,True,"{'warm_start': True, 'verbose': 0, 'random_state': 42, 'oob_score': True, 'n_jobs': -1, 'n_estimators': 1100, 'min_weight_fraction_leaf': 0.9, 'min_samples_split': 4, 'min_samples_leaf': 4, 'min_impurity_decrease': 0.4, 'max_samples': 190, 'max_leaf_nodes': 1800, 'max_features': 'sqrt', 'max_depth': 1000, 'criterion': 'absolute_error', 'ccp_alpha': 0.0, 'bootstrap': True}",,,,,,,,,,,,,98
27,1.3458156824111938,0.0480162745001478,0.14354045391082765,0.03804832091893842,False,0,42,True,-1,500,0.2,5,10,0.1,150,2000,sqrt,600,squared_error,0.4,True,"{'warm_start': False, 'verbose': 0, 'random_state': 42, 'oob_score': True, 'n_jobs': -1, 'n_estimators': 500, 'min_weight_fraction_leaf': 0.2, 'min_samples_split': 5, 'min_samples_leaf': 10, 'min_impurity_decrease': 0.1, 'max_samples': 150, 'max_leaf_nodes': 2000, 'max_features': 'sqrt', 'max_depth': 600, 'criterion': 'squared_error', 'ccp_alpha': 0.4, 'bootstrap': True}",-80270013050737.75,-160816392144542.25,-80514425338206.78,-162777476095641.72,-0.3454088381882984,-0.5504803178942742,-81608983322831.08,-1.2180872044621918,-81632434749462.1,-0.4218881553467761,-64761972470142.42,60553295673347.25,33
28,5.775798439979553,0.14809429575937966,0.35141911506652834,0.03415882401020471,True,0,42,True,-1,1900,0.2,9,15,0.4,120,1700,,1800,absolute_error,0.9,True,"{'warm_start': True, 'verbose': 0, 'random_state': 42, 'oob_score': True, 'n_jobs': -1, 'n_estimators': 1900, 'min_weight_fraction_leaf': 0.2, 'min_samples_split': 9, 'min_samples_leaf': 15, 'min_impurity_decrease': 0.4, 'max_samples': 120, 'max_leaf_nodes': 1700, 'max_features': None, 'max_depth': 1800, 'criterion': 'absolute_error', 'ccp_alpha': 0.9, 'bootstrap': True}",-90795854835696.11,-181381643754706.12,-92457661918677.12,-186101571463778.78,-0.3546039599156887,-0.5861468912429542,-92846955515276.3,-1.3356200029645726,-92605397957107.0,-0.45408815205330827,-73618908544524.42,68792646425064.67,34
29,0.8653074502944946,0.13147150399938848,0.0,0.0,False,0,42,True,-1,1600,0.8,3,7,0.5,250,100,,1000,poisson,0.7,True,"{'warm_start': False, 'verbose': 0, 'random_state': 42, 'oob_score': True, 'n_jobs': -1, 'n_estimators': 1600, 'min_weight_fraction_leaf': 0.8, 'min_samples_split': 3, 'min_samples_leaf': 7, 'min_impurity_decrease': 0.5, 'max_samples': 250, 'max_leaf_nodes': 100, 'max_features': None, 'max_depth': 1000, 'criterion': 'poisson', 'ccp_alpha': 0.7, 'bootstrap': True}",,,,,,,,,,,,,95
30,0.4668062448501587,0.0708454325327974,0.0,0.0,False,0,42,True,-1,700,0.8,12,9,0.0,120,1000,auto,2000,poisson,0.5,True,"{'warm_start': False, 'verbose': 0, 'random_state': 42, 'oob_score': True, 'n_jobs': -1, 'n_estimators': 700, 'min_weight_fraction_leaf': 0.8, 'min_samples_split': 12, 'min_samples_leaf': 9, 'min_impurity_decrease': 0.0, 'max_samples': 120, 'max_leaf_nodes': 1000, 'max_features': 'auto', 'max_depth': 2000, 'criterion': 'poisson', 'ccp_alpha': 0.5, 'bootstrap': True}",,,,,,,,,,,,,93
31,4.343466401100159,0.11441128140165747,0.3044104814529419,0.03856533542793447,False,0,42,True,-1,1500,0.4,10,15,0.9,170,1000,log2,1200,absolute_error,0.6,True,"{'warm_start': False, 'verbose': 0, 'random_state': 42, 'oob_score': True, 'n_jobs': -1, 'n_estimators': 1500, 'min_weight_fraction_leaf': 0.4, 'min_samples_split': 10, 'min_samples_leaf': 15, 'min_impurity_decrease': 0.9, 'max_samples': 170, 'max_leaf_nodes': 1000, 'max_features': 'log2', 'max_depth': 1200, 'criterion': 'absolute_error', 'ccp_alpha': 0.6, 'bootstrap': True}",-90847258417330.86,-181513171794720.3,-92489974302232.33,-186184432715332.16,-0.3547124115461852,-0.5864374649715299,-92860178782880.45,-1.335821833539854,-92602846473345.12,-0.45411092111417234,-73649786248584.4,68829269982192.4,47
32,0.12934844493865966,0.03725032222354147,0.0,0.0,False,0,42,True,-1,100,0.8,18,5,0.8,150,1700,sqrt,1800,squared_error,0.1,True,"{'warm_start': False, 'verbose': 0, 'random_state': 42, 'oob_score': True, 'n_jobs': -1, 'n_estimators': 100, 'min_weight_fraction_leaf': 0.8, 'min_samples_split': 18, 'min_samples_leaf': 5, 'min_impurity_decrease': 0.8, 'max_samples': 150, 'max_leaf_nodes': 1700, 'max_features': 'sqrt', 'max_depth': 1800, 'criterion': 'squared_error', 'ccp_alpha': 0.1, 'bootstrap': True}",,,,,,,,,,,,,92
33,0.19040429592132568,0.04892618174674683,0.0,0.0,False,0,42,False,-1,300,0.6,8,10,0.0,130,1100,auto,400,absolute_error,0.8,True,"{'warm_start': False, 'verbose': 0, 'random_state': 42, 'oob_score': False, 'n_jobs': -1, 'n_estimators': 300, 'min_weight_fraction_leaf': 0.6, 'min_samples_split': 8, 'min_samples_leaf': 10, 'min_impurity_decrease': 0.0, 'max_samples': 130, 'max_leaf_nodes': 1100, 'max_features': 'auto', 'max_depth': 400, 'criterion': 'absolute_error', 'ccp_alpha': 0.8, 'bootstrap': True}",,,,,,,,,,,,,89
34,1.5817178010940551,0.09019827829175911,0.20586740970611572,0.04277842060308036,False,0,42,False,-1,700,0.0,14,3,0.1,100,600,log2,400,squared_error,0.9,True,"{'warm_start': False, 'verbose': 0, 'random_state': 42, 'oob_score': False, 'n_jobs': -1, 'n_estimators': 700, 'min_weight_fraction_leaf': 0.0, 'min_samples_split': 14, 'min_samples_leaf': 3, 'min_impurity_decrease': 0.1, 'max_samples': 100, 'max_leaf_nodes': 600, 'max_features': 'log2', 'max_depth': 400, 'criterion': 'squared_error', 'ccp_alpha': 0.9, 'bootstrap': True}",-80165831546014.0,-160775388769599.1,-80489592416523.7,-162852120446071.4,-0.3454169015324948,-0.5505524542574385,-81644123341405.86,-1.2178248834061116,-81646696896509.77,-0.4218884699288874,-64757375341612.64,60556951030902.89,32
35,0.6817316770553589,0.08040927277068316,0.0,0.0,True,0,42,False,-1,1300,0.7,2,9,0.3,220,1900,sqrt,2000,absolute_error,1.0,True,"{'warm_start': True, 'verbose': 0, 'random_state': 42, 'oob_score': False, 'n_jobs': -1, 'n_estimators': 1300, 'min_weight_fraction_leaf': 0.7, 'min_samples_split': 2, 'min_samples_leaf': 9, 'min_impurity_decrease': 0.3, 'max_samples': 220, 'max_leaf_nodes': 1900, 'max_features': 'sqrt', 'max_depth': 2000, 'criterion': 'absolute_error', 'ccp_alpha': 1.0, 'bootstrap': True}",,,,,,,,,,,,,87
36,3.5345287799835203,0.12215749461293811,0.28852367401123047,0.05155484733282403,True,0,42,True,-1,1300,0.0,5,2,0.4,250,1500,log2,400,squared_error,0.5,True,"{'warm_start': True, 'verbose': 0, 'random_state': 42, 'oob_score': True, 'n_jobs': -1, 'n_estimators': 1300, 'min_weight_fraction_leaf': 0.0, 'min_samples_split': 5, 'min_samples_leaf': 2, 'min_impurity_decrease': 0.4, 'max_samples': 250, 'max_leaf_nodes': 1500, 'max_features': 'log2', 'max_depth': 400, 'criterion': 'squared_error', 'ccp_alpha': 0.5, 'bootstrap': True}",-80135489795596.11,-160604366708154.38,-80546616331494.72,-162864848025948.72,-0.3454004164779817,-0.5504274354315374,-81580366260999.88,-1.2172826751263668,-81601896424632.03,-0.42188735788825477,-64733358354682.83,60529599598950.92,22
37,0.3063288927078247,0.04472788339457615,0.0,0.0,False,0,42,True,-1,500,0.9,11,11,0.9,230,2000,sqrt,200,absolute_error,1.0,True,"{'warm_start': False, 'verbose': 0, 'random_state': 42, 'oob_score': True, 'n_jobs': -1, 'n_estimators': 500, 'min_weight_fraction_leaf': 0.9, 'min_samples_split': 11, 'min_samples_leaf': 11, 'min_impurity_decrease': 0.9, 'max_samples': 230, 'max_leaf_nodes': 2000, 'max_features': 'sqrt', 'max_depth': 200, 'criterion': 'absolute_error', 'ccp_alpha': 1.0, 'bootstrap': True}",,,,,,,,,,,,,85
38,0.665035891532898,0.07183915320548957,0.0,0.0,False,0,42,False,-1,1300,0.6,13,11,1.0,120,1300,,1600,poisson,0.8,True,"{'warm_start': False, 'verbose': 0, 'random_state': 42, 'oob_score': False, 'n_jobs': -1, 'n_estimators': 1300, 'min_weight_fraction_leaf': 0.6, 'min_samples_split': 13, 'min_samples_leaf': 11, 'min_impurity_decrease': 1.0, 'max_samples': 120, 'max_leaf_nodes': 1300, 'max_features': None, 'max_depth': 1600, 'criterion': 'poisson', 'ccp_alpha': 0.8, 'bootstrap': True}",,,,,,,,,,,,,83
39,3.0628280878067016,0.05911188016006822,0.23661165237426757,0.06016165701851475,False,0,42,True,-1,1200,0.4,9,9,0.0,240,1300,,200,squared_error,0.0,True,"{'warm_start': False, 'verbose': 0, 'random_state': 42, 'oob_score': True, 'n_jobs': -1, 'n_estimators': 1200, 'min_weight_fraction_leaf': 0.4, 'min_samples_split': 9, 'min_samples_leaf': 9, 'min_impurity_decrease': 0.0, 'max_samples': 240, 'max_leaf_nodes': 1300, 'max_features': None, 'max_depth': 200, 'criterion': 'squared_error', 'ccp_alpha': 0.0, 'bootstrap': True}",-65181681650992.34,-132714333276870.97,-63461826193483.41,-129629420285466.66,-0.2802567840269229,-0.46713127477354877,-66276787440309.16,-0.997252074457097,-66657214080347.46,-0.35454142204741074,-52392126292747.2,49070748552414.81,1
40,0.8788167476654053,0.054728072693551684,0.0,0.0,False,0,42,True,-1,1800,1.0,13,13,0.3,110,2000,,2000,absolute_error,0.9,True,"{'warm_start': False, 'verbose': 0, 'random_state': 42, 'oob_score': True, 'n_jobs': -1, 'n_estimators': 1800, 'min_weight_fraction_leaf': 1.0, 'min_samples_split': 13, 'min_samples_leaf': 13, 'min_impurity_decrease': 0.3, 'max_samples': 110, 'max_leaf_nodes': 2000, 'max_features': None, 'max_depth': 2000, 'criterion': 'absolute_error', 'ccp_alpha': 0.9, 'bootstrap': True}",,,,,,,,,,,,,81
41,1.4059186697006225,0.06762050633844069,0.14432530403137206,0.04725172791857626,False,0,42,False,-1,500,0.3,6,13,0.8,210,500,auto,1800,absolute_error,0.2,True,"{'warm_start': False, 'verbose': 0, 'random_state': 42, 'oob_score': False, 'n_jobs': -1, 'n_estimators': 500, 'min_weight_fraction_leaf': 0.3, 'min_samples_split': 6, 'min_samples_leaf': 13, 'min_impurity_decrease': 0.8, 'max_samples': 210, 'max_leaf_nodes': 500, 'max_features': 'auto', 'max_depth': 1800, 'criterion': 'absolute_error', 'ccp_alpha': 0.2, 'bootstrap': True}",-90878075997198.6,-181593083876020.75,-92506620917396.62,-186086826708370.7,-0.35473880484362913,-0.5864904309372817,-92895786298731.22,-1.3365777658665106,-92615879554973.5,-0.45444219971291855,-73657627335269.4,68828426109921.21,48
42,2.368449568748474,0.11911001774214665,0.20669074058532716,0.048674283087846264,True,0,42,True,-1,800,0.3,7,19,0.6,140,1500,sqrt,2000,absolute_error,0.7,True,"{'warm_start': True, 'verbose': 0, 'random_state': 42, 'oob_score': True, 'n_jobs': -1, 'n_estimators': 800, 'min_weight_fraction_leaf': 0.3, 'min_samples_split': 7, 'min_samples_leaf': 19, 'min_impurity_decrease': 0.6, 'max_samples': 140, 'max_leaf_nodes': 1500, 'max_features': 'sqrt', 'max_depth': 2000, 'criterion': 'absolute_error', 'ccp_alpha': 0.7, 'bootstrap': True}",-90837116110477.69,-181549765198285.94,-92483036520851.66,-186081802272696.1,-0.35463827234098977,-0.5862493274107984,-92875018631276.6,-1.335319505122139,-92547669034301.4,-0.45414204768078337,-73637440776789.22,68816685023244.39,39
43,2.4496716022491456,0.09961416454972014,0.22578742504119872,0.0529310517803421,False,0,42,True,-1,900,0.0,8,10,1.0,200,300,,400,poisson,0.4,True,"{'warm_start': False, 'verbose': 0, 'random_state': 42, 'oob_score': True, 'n_jobs': -1, 'n_estimators': 900, 'min_weight_fraction_leaf': 0.0, 'min_samples_split': 8, 'min_samples_leaf': 10, 'min_impurity_decrease': 1.0, 'max_samples': 200, 'max_leaf_nodes': 300, 'max_features': None, 'max_depth': 400, 'criterion': 'poisson', 'ccp_alpha': 0.4, 'bootstrap': True}",-80105809415972.39,-160550455287425.22,-80550065741272.95,-162877482463306.97,-0.3454033432837186,-0.5504486486233509,-81605933473459.34,-1.217467182371346,-81583961971517.89,-0.42188700841816057,-64727370835295.73,60522659108999.586,20
44,1.6804774284362793,0.08596118389859903,0.20210859775543213,0.04252680061121145,False,0,42,False,-1,700,0.1,12,11,0.3,120,400,log2,200,absolute_error,0.5,True,"{'warm_start': False, 'verbose': 0, 'random_state': 42, 'oob_score': False, 'n_jobs': -1, 'n_estimators': 700, 'min_weight_fraction_leaf': 0.1, 'min_samples_split': 12, 'min_samples_leaf': 11, 'min_impurity_decrease': 0.3, 'max_samples': 120, 'max_leaf_nodes': 400, 'max_features': 'log2', 'max_depth': 200, 'criterion': 'absolute_error', 'ccp_alpha': 0.5, 'bootstrap': True}",-90807986207079.48,-181571212606244.66,-92459447774146.11,-186125282129463.84,-0.35468087557345584,-0.5862344332573637,-92874279103947.84,-1.33575283205898,-92591431651518.3,-0.45440674417245824,-73642963947240.28,68826963671057.18,42
45,4.027836394309998,0.13259444990975025,0.33511455059051515,0.05083376015546921,False,0,42,True,-1,1500,0.2,5,7,1.0,110,1800,log2,2000,poisson,0.3,True,"{'warm_start': False, 'verbose': 0, 'random_state': 42, 'oob_score': True, 'n_jobs': -1, 'n_estimators': 1500, 'min_weight_fraction_leaf': 0.2, 'min_samples_split': 5, 'min_samples_leaf': 7, 'min_impurity_decrease': 1.0, 'max_samples': 110, 'max_leaf_nodes': 1800, 'max_features': 'log2', 'max_depth': 2000, 'criterion': 'poisson', 'ccp_alpha': 0.3, 'bootstrap': True}",-80091278568023.73,-160510572133881.9,-80507982101556.05,-162805948525275.12,-0.3453984193428563,-0.5504848972880453,-81605458374387.3,-1.2173936055808492,-81645279587770.48,-0.42188837971127424,-64716651929089.71,60504975723518.34,8
46,3.717599940299988,0.1185225344637042,0.3523189783096313,0.05719493527804404,True,0,42,False,-1,1600,0.2,2,13,0.5,220,300,sqrt,,poisson,0.6,True,"{'warm_start': True, 'verbose': 0, 'random_state': 42, 'oob_score': False, 'n_jobs': -1, 'n_estimators': 1600, 'min_weight_fraction_leaf': 0.2, 'min_samples_split': 2, 'min_samples_leaf': 13, 'min_impurity_decrease': 0.5, 'max_samples': 220, 'max_leaf_nodes': 300, 'max_features': 'sqrt', 'max_depth': None, 'criterion': 'poisson', 'ccp_alpha': 0.6, 'bootstrap': True}",-80122027411633.39,-160544906546625.62,-80515729052384.72,-162835555785299.25,-0.34539637570398307,-0.5504484459897679,-81602792701333.88,-1.217440946384359,-81623571095889.23,-0.42188748715291113,-64724458259316.86,60515514798142.195,16
47,0.8964690685272216,0.09247930252084977,0.0,0.0,True,0,42,False,-1,1600,0.8,19,19,0.6,170,100,,1200,absolute_error,0.7,True,"{'warm_start': True, 'verbose': 0, 'random_state': 42, 'oob_score': False, 'n_jobs': -1, 'n_estimators': 1600, 'min_weight_fraction_leaf': 0.8, 'min_samples_split': 19, 'min_samples_leaf': 19, 'min_impurity_decrease': 0.6, 'max_samples': 170, 'max_leaf_nodes': 100, 'max_features': None, 'max_depth': 1200, 'criterion': 'absolute_error', 'ccp_alpha': 0.7, 'bootstrap': True}",,,,,,,,,,,,,52
48,2.6504075050354006,0.0772994605674643,0.2713064432144165,0.0402397621963063,False,0,42,False,-1,1100,0.0,6,2,0.5,,1300,auto,2000,squared_error,0.5,True,"{'warm_start': False, 'verbose': 0, 'random_state': 42, 'oob_score': False, 'n_jobs': -1, 'n_estimators': 1100, 'min_weight_fraction_leaf': 0.0, 'min_samples_split': 6, 'min_samples_leaf': 2, 'min_impurity_decrease': 0.5, 'max_samples': None, 'max_leaf_nodes': 1300, 'max_features': 'auto', 'max_depth': 2000, 'criterion': 'squared_error', 'ccp_alpha': 0.5, 'bootstrap': True}",-80131122497354.4,-160569799129386.28,-80492059193115.02,-162800169421014.5,-0.34538850156552947,-0.5503585117525018,-81566615026252.39,-1.2171283383199079,-81614580055108.95,-0.42188748406268384,-64717434532223.414,60512075639398.51,9
49,0.9102792739868164,0.05567129688973053,0.0,0.0,True,0,42,True,-1,1800,0.7,14,11,0.5,190,1200,log2,2000,squared_error,0.7,True,"{'warm_start': True, 'verbose': 0, 'random_state': 42, 'oob_score': True, 'n_jobs': -1, 'n_estimators': 1800, 'min_weight_fraction_leaf': 0.7, 'min_samples_split': 14, 'min_samples_leaf': 11, 'min_impurity_decrease': 0.5, 'max_samples': 190, 'max_leaf_nodes': 1200, 'max_features': 'log2', 'max_depth': 2000, 'criterion': 'squared_error', 'ccp_alpha': 0.7, 'bootstrap': True}",,,,,,,,,,,,,100
50,2.151565146446228,0.08175947492723758,0.21197359561920165,0.052810963163426886,True,0,42,True,-1,800,0.4,16,8,0.6,220,900,log2,800,squared_error,0.5,True,"{'warm_start': True, 'verbose': 0, 'random_state': 42, 'oob_score': True, 'n_jobs': -1, 'n_estimators': 800, 'min_weight_fraction_leaf': 0.4, 'min_samples_split': 16, 'min_samples_leaf': 8, 'min_impurity_decrease': 0.6, 'max_samples': 220, 'max_leaf_nodes': 900, 'max_features': 'log2', 'max_depth': 800, 'criterion': 'squared_error', 'ccp_alpha': 0.5, 'bootstrap': True}",-80117705658744.33,-160643568476524.2,-80541495548885.75,-162787472074308.75,-0.3453890348326597,-0.5503568695920446,-81568260433172.42,-1.2170331343597787,-81530065033051.8,-0.421886556465891,-64718856722468.96,60520347720614.4,11
51,4.960137104988098,0.1449084358010427,0.4530113935470581,0.07773254638844046,True,0,42,False,-1,2000,0.0,13,18,0.5,150,2000,log2,,absolute_error,0.8,True,"{'warm_start': True, 'verbose': 0, 'random_state': 42, 'oob_score': False, 'n_jobs': -1, 'n_estimators': 2000, 'min_weight_fraction_leaf': 0.0, 'min_samples_split': 13, 'min_samples_leaf': 18, 'min_impurity_decrease': 0.5, 'max_samples': 150, 'max_leaf_nodes': 2000, 'max_features': 'log2', 'max_depth': None, 'criterion': 'absolute_error', 'ccp_alpha': 0.8, 'bootstrap': True}",-90811288090636.55,-181402244331371.16,-92498855880444.97,-186145110162194.6,-0.3546829246081392,-0.5863923213815031,-92861041564763.77,-1.3359392778412091,-92610611510296.4,-0.4542667052774498,-73632915153971.02,68805044243653.266,38
52,0.9937018871307373,0.18731570663366617,0.0,0.0,False,0,42,False,-1,1800,1.0,3,17,0.2,230,2000,log2,1800,squared_error,0.1,True,"{'warm_start': False, 'verbose': 0, 'random_state': 42, 'oob_score': False, 'n_jobs': -1, 'n_estimators': 1800, 'min_weight_fraction_leaf': 1.0, 'min_samples_split': 3, 'min_samples_leaf': 17, 'min_impurity_decrease': 0.2, 'max_samples': 230, 'max_leaf_nodes': 2000, 'max_features': 'log2', 'max_depth': 1800, 'criterion': 'squared_error', 'ccp_alpha': 0.1, 'bootstrap': True}",,,,,,,,,,,,,78
53,0.7731672525405884,0.05126793975326023,0.0,0.0,True,0,42,True,-1,1500,0.9,2,10,1.0,220,1700,,1000,squared_error,1.0,True,"{'warm_start': True, 'verbose': 0, 'random_state': 42, 'oob_score': True, 'n_jobs': -1, 'n_estimators': 1500, 'min_weight_fraction_leaf': 0.9, 'min_samples_split': 2, 'min_samples_leaf': 10, 'min_impurity_decrease': 1.0, 'max_samples': 220, 'max_leaf_nodes': 1700, 'max_features': None, 'max_depth': 1000, 'criterion': 'squared_error', 'ccp_alpha': 1.0, 'bootstrap': True}",,,,,,,,,,,,,79
54,0.3778548717498779,0.028538038010942852,0.0,0.0,False,0,42,False,-1,700,0.8,5,18,1.0,120,1900,sqrt,1400,squared_error,0.6,True,"{'warm_start': False, 'verbose': 0, 'random_state': 42, 'oob_score': False, 'n_jobs': -1, 'n_estimators': 700, 'min_weight_fraction_leaf': 0.8, 'min_samples_split': 5, 'min_samples_leaf': 18, 'min_impurity_decrease': 1.0, 'max_samples': 120, 'max_leaf_nodes': 1900, 'max_features': 'sqrt', 'max_depth': 1400, 'criterion': 'squared_error', 'ccp_alpha': 0.6, 'bootstrap': True}",,,,,,,,,,,,,80
55,1.3874627590179442,0.06033476092274769,0.11746745109558106,0.022752801851645844,True,0,42,True,-1,400,0.0,14,15,0.6,250,900,,400,absolute_error,0.9,True,"{'warm_start': True, 'verbose': 0, 'random_state': 42, 'oob_score': True, 'n_jobs': -1, 'n_estimators': 400, 'min_weight_fraction_leaf': 0.0, 'min_samples_split': 14, 'min_samples_leaf': 15, 'min_impurity_decrease': 0.6, 'max_samples': 250, 'max_leaf_nodes': 900, 'max_features': None, 'max_depth': 400, 'criterion': 'absolute_error', 'ccp_alpha': 0.9, 'bootstrap': True}",-90765536446070.69,-181415358616000.47,-92480372047388.08,-186152905650271.84,-0.3546645574691814,-0.5864461826794165,-92833300589615.67,-1.3363500965895134,-92578576926481.08,-0.4541291591202553,-73622605027583.08,68805067646065.65,35
56,0.8306933879852295,0.06896162335641501,0.0,0.0,True,0,42,True,-1,1600,0.9,19,7,0.7,200,1600,log2,2000,poisson,0.0,True,"{'warm_start': True, 'verbose': 0, 'random_state': 42, 'oob_score': True, 'n_jobs': -1, 'n_estimators': 1600, 'min_weight_fraction_leaf': 0.9, 'min_samples_split': 19, 'min_samples_leaf': 7, 'min_impurity_decrease': 0.7, 'max_samples': 200, 'max_leaf_nodes': 1600, 'max_features': 'log2', 'max_depth': 2000, 'criterion': 'poisson', 'ccp_alpha': 0.0, 'bootstrap': True}",,,,,,,,,,,,,82
57,1.144702386856079,0.09022258520140755,0.16398277282714843,0.04167494682961536,True,0,42,True,-1,400,0.4,13,18,0.6,240,600,sqrt,,absolute_error,0.0,True,"{'warm_start': True, 'verbose': 0, 'random_state': 42, 'oob_score': True, 'n_jobs': -1, 'n_estimators': 400, 'min_weight_fraction_leaf': 0.4, 'min_samples_split': 13, 'min_samples_leaf': 18, 'min_impurity_decrease': 0.6, 'max_samples': 240, 'max_leaf_nodes': 600, 'max_features': 'sqrt', 'max_depth': None, 'criterion': 'absolute_error', 'ccp_alpha': 0.0, 'bootstrap': True}",-90798173806007.58,-181486567401317.5,-92508843849543.52,-186162650010367.84,-0.35473108155904925,-0.5864426484735173,-92858270512361.62,-1.336632798377893,-92598826924805.53,-0.45435849107005954,-73641333250440.64,68820667305870.66,41
58,0.8949760913848877,0.04989298877581163,0.0,0.0,True,0,42,True,-1,1900,0.6,17,3,0.9,220,700,auto,1600,absolute_error,0.1,True,"{'warm_start': True, 'verbose': 0, 'random_state': 42, 'oob_score': True, 'n_jobs': -1, 'n_estimators': 1900, 'min_weight_fraction_leaf': 0.6, 'min_samples_split': 17, 'min_samples_leaf': 3, 'min_impurity_decrease': 0.9, 'max_samples': 220, 'max_leaf_nodes': 700, 'max_features': 'auto', 'max_depth': 1600, 'criterion': 'absolute_error', 'ccp_alpha': 0.1, 'bootstrap': True}",,,,,,,,,,,,,84
59,5.092394185066223,0.1182695137652039,0.3793428182601929,0.05476573197595852,True,0,42,True,-1,1900,0.5,19,9,1.0,230,1200,log2,400,squared_error,0.8,True,"{'warm_start': True, 'verbose': 0, 'random_state': 42, 'oob_score': True, 'n_jobs': -1, 'n_estimators': 1900, 'min_weight_fraction_leaf': 0.5, 'min_samples_split': 19, 'min_samples_leaf': 9, 'min_impurity_decrease': 1.0, 'max_samples': 230, 'max_leaf_nodes': 1200, 'max_features': 'log2', 'max_depth': 400, 'criterion': 'squared_error', 'ccp_alpha': 0.8, 'bootstrap': True}",-80125017928477.67,-160558126559956.84,-80526623656703.28,-162823676017078.28,-0.3453898634205239,-0.5504073687613387,-81575659209348.05,-1.217105999063019,-81594600506106.95,-0.4218872977592949,-64720370387767.36,60514478158237.24,12
60,0.6680009365081787,0.046691749970162254,0.0,0.0,True,0,42,True,-1,1300,0.9,9,16,0.1,180,200,log2,1000,absolute_error,0.8,True,"{'warm_start': True, 'verbose': 0, 'random_state': 42, 'oob_score': True, 'n_jobs': -1, 'n_estimators': 1300, 'min_weight_fraction_leaf': 0.9, 'min_samples_split': 9, 'min_samples_leaf': 16, 'min_impurity_decrease': 0.1, 'max_samples': 180, 'max_leaf_nodes': 200, 'max_features': 'log2', 'max_depth': 1000, 'criterion': 'absolute_error', 'ccp_alpha': 0.8, 'bootstrap': True}",,,,,,,,,,,,,86
61,4.42474594116211,0.1492016912128566,0.3306299686431885,0.04257372054712334,True,0,42,False,-1,1700,0.4,13,11,0.5,250,2000,log2,400,absolute_error,0.3,True,"{'warm_start': True, 'verbose': 0, 'random_state': 42, 'oob_score': False, 'n_jobs': -1, 'n_estimators': 1700, 'min_weight_fraction_leaf': 0.4, 'min_samples_split': 13, 'min_samples_leaf': 11, 'min_impurity_decrease': 0.5, 'max_samples': 250, 'max_leaf_nodes': 2000, 'max_features': 'log2', 'max_depth': 400, 'criterion': 'absolute_error', 'ccp_alpha': 0.3, 'bootstrap': True}",-90777134053385.03,-181456600370829.7,-92526460721150.53,-186164065092072.62,-0.35472541221767373,-0.5865461799169331,-92877006910634.2,-1.3365050599571933,-92648086098084.92,-0.45426648931087865,-73644935324615.97,68818044313189.21,44
62,0.1762015104293823,0.05907106824560283,0.0,0.0,False,0,42,False,-1,200,0.7,10,10,0.0,180,2000,log2,2000,poisson,0.1,True,"{'warm_start': False, 'verbose': 0, 'random_state': 42, 'oob_score': False, 'n_jobs': -1, 'n_estimators': 200, 'min_weight_fraction_leaf': 0.7, 'min_samples_split': 10, 'min_samples_leaf': 10, 'min_impurity_decrease': 0.0, 'max_samples': 180, 'max_leaf_nodes': 2000, 'max_features': 'log2', 'max_depth': 2000, 'criterion': 'poisson', 'ccp_alpha': 0.1, 'bootstrap': True}",,,,,,,,,,,,,88
63,2.0814793348312377,0.08759661527547899,0.1952737808227539,0.034897885544228284,True,0,42,False,-1,900,0.0,16,15,0.8,250,800,,200,squared_error,0.4,True,"{'warm_start': True, 'verbose': 0, 'random_state': 42, 'oob_score': False, 'n_jobs': -1, 'n_estimators': 900, 'min_weight_fraction_leaf': 0.0, 'min_samples_split': 16, 'min_samples_leaf': 15, 'min_impurity_decrease': 0.8, 'max_samples': 250, 'max_leaf_nodes': 800, 'max_features': None, 'max_depth': 200, 'criterion': 'squared_error', 'ccp_alpha': 0.4, 'bootstrap': True}",-80054924541061.7,-160480282458066.38,-80538723982812.88,-162838777865005.72,-0.34539232156962313,-0.5503850389017032,-81568814905101.95,-1.2172624830550827,-81569204679505.7,-0.42188704980002995,-64705072843155.69,60502237842193.32,6
64,0.4060873746871948,0.062277393141258776,0.0,0.0,True,0,42,False,-1,700,0.9,11,15,0.6,160,1900,log2,800,squared_error,0.7,True,"{'warm_start': True, 'verbose': 0, 'random_state': 42, 'oob_score': False, 'n_jobs': -1, 'n_estimators': 700, 'min_weight_fraction_leaf': 0.9, 'min_samples_split': 11, 'min_samples_leaf': 15, 'min_impurity_decrease': 0.6, 'max_samples': 160, 'max_leaf_nodes': 1900, 'max_features': 'log2', 'max_depth': 800, 'criterion': 'squared_error', 'ccp_alpha': 0.7, 'bootstrap': True}",,,,,,,,,,,,,90
65,0.813356900215149,0.09665671567805713,0.0,0.0,False,0,42,True,-1,1500,0.6,10,14,0.3,140,800,auto,800,absolute_error,0.6,True,"{'warm_start': False, 'verbose': 0, 'random_state': 42, 'oob_score': True, 'n_jobs': -1, 'n_estimators': 1500, 'min_weight_fraction_leaf': 0.6, 'min_samples_split': 10, 'min_samples_leaf': 14, 'min_impurity_decrease': 0.3, 'max_samples': 140, 'max_leaf_nodes': 800, 'max_features': 'auto', 'max_depth': 800, 'criterion': 'absolute_error', 'ccp_alpha': 0.6, 'bootstrap': True}",,,,,,,,,,,,,91
66,5.2557155847549435,0.13096517773439673,0.4043997526168823,0.06383391611049392,False,0,42,True,-1,1900,0.1,2,15,0.4,240,700,sqrt,200,poisson,0.5,True,"{'warm_start': False, 'verbose': 0, 'random_state': 42, 'oob_score': True, 'n_jobs': -1, 'n_estimators': 1900, 'min_weight_fraction_leaf': 0.1, 'min_samples_split': 2, 'min_samples_leaf': 15, 'min_impurity_decrease': 0.4, 'max_samples': 240, 'max_leaf_nodes': 700, 'max_features': 'sqrt', 'max_depth': 200, 'criterion': 'poisson', 'ccp_alpha': 0.5, 'bootstrap': True}",-80124217633072.67,-160560800306812.44,-80541949341074.06,-162850390364242.6,-0.34539460161120483,-0.5504186279126577,-81572508110178.22,-1.2171156148660067,-81595523818602.38,-0.4218872729201058,-64724538957398.484,60519550763419.984,17
67,2.563816690444946,0.18879684917810247,0.23034379482269288,0.031753054995123,False,0,42,False,-1,1100,0.2,13,13,0.0,120,1700,auto,,squared_error,0.1,True,"{'warm_start': False, 'verbose': 0, 'random_state': 42, 'oob_score': False, 'n_jobs': -1, 'n_estimators': 1100, 'min_weight_fraction_leaf': 0.2, 'min_samples_split': 13, 'min_samples_leaf': 13, 'min_impurity_decrease': 0.0, 'max_samples': 120, 'max_leaf_nodes': 1700, 'max_features': 'auto', 'max_depth': None, 'criterion': 'squared_error', 'ccp_alpha': 0.1, 'bootstrap': True}",-80064152516322.11,-160625072623908.8,-80536656357556.77,-162941127529811.4,-0.3454142955045087,-0.550540973993196,-81641365972236.42,-1.2181193323212471,-81685549632285.47,-0.4218885322239968,-64749392463212.35,60547212937115.89,29
68,0.43031110763549807,0.08539862913199035,0.0,0.0,True,0,42,True,-1,700,1.0,4,4,0.4,250,,auto,,absolute_error,0.3,True,"{'warm_start': True, 'verbose': 0, 'random_state': 42, 'oob_score': True, 'n_jobs': -1, 'n_estimators': 700, 'min_weight_fraction_leaf': 1.0, 'min_samples_split': 4, 'min_samples_leaf': 4, 'min_impurity_decrease': 0.4, 'max_samples': 250, 'max_leaf_nodes': None, 'max_features': 'auto', 'max_depth': None, 'criterion': 'absolute_error', 'ccp_alpha': 0.3, 'bootstrap': True}",,,,,,,,,,,,,94
69,3.305909013748169,0.13958743089821937,0.28764190673828127,0.03664452537367182,False,0,42,False,-1,1500,0.0,9,17,1.0,140,2000,sqrt,600,squared_error,0.8,True,"{'warm_start': False, 'verbose': 0, 'random_state': 42, 'oob_score': False, 'n_jobs': -1, 'n_estimators': 1500, 'min_weight_fraction_leaf': 0.0, 'min_samples_split': 9, 'min_samples_leaf': 17, 'min_impurity_decrease': 1.0, 'max_samples': 140, 'max_leaf_nodes': 2000, 'max_features': 'sqrt', 'max_depth': 600, 'criterion': 'squared_error', 'ccp_alpha': 0.8, 'bootstrap': True}",-80113866087205.11,-160548343513659.34,-80559875933801.8,-162919848388909.97,-0.3454131542999268,-0.5505445025066066,-81617965534762.47,-1.2173171795693298,-81647372621480.67,-0.4218879945186414,-64740727207982.17,60531761013367.58,26
70,0.13405187129974366,0.07264935177165838,0.0,0.0,True,0,42,True,-1,100,0.9,19,15,0.2,180,300,,,absolute_error,1.0,True,"{'warm_start': True, 'verbose': 0, 'random_state': 42, 'oob_score': True, 'n_jobs': -1, 'n_estimators': 100, 'min_weight_fraction_leaf': 0.9, 'min_samples_split': 19, 'min_samples_leaf': 15, 'min_impurity_decrease': 0.2, 'max_samples': 180, 'max_leaf_nodes': 300, 'max_features': None, 'max_depth': None, 'criterion': 'absolute_error', 'ccp_alpha': 1.0, 'bootstrap': True}",,,,,,,,,,,,,96
71,0.9357089519500732,0.06894378227880495,0.0,0.0,True,0,42,False,-1,1800,0.9,19,8,0.0,190,1900,sqrt,1000,squared_error,0.1,True,"{'warm_start': True, 'verbose': 0, 'random_state': 42, 'oob_score': False, 'n_jobs': -1, 'n_estimators': 1800, 'min_weight_fraction_leaf': 0.9, 'min_samples_split': 19, 'min_samples_leaf': 8, 'min_impurity_decrease': 0.0, 'max_samples': 190, 'max_leaf_nodes': 1900, 'max_features': 'sqrt', 'max_depth': 1000, 'criterion': 'squared_error', 'ccp_alpha': 0.1, 'bootstrap': True}",,,,,,,,,,,,,97
72,4.396660828590393,0.07605944813656876,0.3511155605316162,0.05792712202235507,False,0,42,True,-1,1600,0.2,7,20,1.0,150,100,sqrt,400,squared_error,1.0,True,"{'warm_start': False, 'verbose': 0, 'random_state': 42, 'oob_score': True, 'n_jobs': -1, 'n_estimators': 1600, 'min_weight_fraction_leaf': 0.2, 'min_samples_split': 7, 'min_samples_leaf': 20, 'min_impurity_decrease': 1.0, 'max_samples': 150, 'max_leaf_nodes': 100, 'max_features': 'sqrt', 'max_depth': 400, 'criterion': 'squared_error', 'ccp_alpha': 1.0, 'bootstrap': True}",-80101430899851.2,-160506506939413.25,-80532659878051.4,-162888066259423.66,-0.34540779326438203,-0.5505200938649848,-81609778604720.2,-1.21733227718612,-81630174768446.2,-0.42188780199614107,-64726861734990.836,60518248929472.625,18
73,0.7026525259017944,0.07943001905143578,0.07326290607452393,0.029072820593639966,True,0,42,True,-1,200,0.1,19,7,0.5,200,700,auto,,absolute_error,0.5,True,"{'warm_start': True, 'verbose': 0, 'random_state': 42, 'oob_score': True, 'n_jobs': -1, 'n_estimators': 200, 'min_weight_fraction_leaf': 0.1, 'min_samples_split': 19, 'min_samples_leaf': 7, 'min_impurity_decrease': 0.5, 'max_samples': 200, 'max_leaf_nodes': 700, 'max_features': 'auto', 'max_depth': None, 'criterion': 'absolute_error', 'ccp_alpha': 0.5, 'bootstrap': True}",-90805146332903.25,-181400820155664.97,-92380187845151.02,-186003999647554.84,-0.3548255133158858,-0.5867027660277406,-92980075013561.7,-1.3382391527642101,-92720631426005.61,-0.4551148060011525,-73629086042084.42,68784740947770.46,36
74,3.8709529876708983,0.11098206862525045,0.2926994562149048,0.046797807099039156,False,0,42,False,-1,1500,0.5,13,2,0.0,190,900,sqrt,600,absolute_error,0.2,True,"{'warm_start': False, 'verbose': 0, 'random_state': 42, 'oob_score': False, 'n_jobs': -1, 'n_estimators': 1500, 'min_weight_fraction_leaf': 0.5, 'min_samples_split': 13, 'min_samples_leaf': 2, 'min_impurity_decrease': 0.0, 'max_samples': 190, 'max_leaf_nodes': 900, 'max_features': 'sqrt', 'max_depth': 600, 'criterion': 'absolute_error', 'ccp_alpha': 0.2, 'bootstrap': True}",-90845952922933.38,-181504943223972.6,-92524769788075.31,-186207007149554.3,-0.3547250457147972,-0.5864670580555966,-92890020885674.23,-1.3363577765488557,-92624081058054.17,-0.4541541601559453,-73659677502826.67,68834010188953.5,49
75,3.6672724723815917,0.1662207527741019,0.30970685482025145,0.032423513066813896,False,0,42,True,-1,1400,0.4,17,6,0.8,120,100,log2,1400,poisson,0.8,True,"{'warm_start': False, 'verbose': 0, 'random_state': 42, 'oob_score': True, 'n_jobs': -1, 'n_estimators': 1400, 'min_weight_fraction_leaf': 0.4, 'min_samples_split': 17, 'min_samples_leaf': 6, 'min_impurity_decrease': 0.8, 'max_samples': 120, 'max_leaf_nodes': 100, 'max_features': 'log2', 'max_depth': 1400, 'criterion': 'poisson', 'ccp_alpha': 0.8, 'bootstrap': True}",-80069408210193.0,-160500528792341.1,-80525378433970.78,-162861653388354.72,-0.3453994022183719,-0.5504635624193067,-81595124290680.25,-1.217290222082991,-81636049153029.9,-0.42188800764498846,-64718814226857.23,60511770978956.92,10
76,0.8367050170898438,0.0676942191418289,0.0,0.0,True,0,42,False,-1,1600,0.9,20,13,0.4,100,500,sqrt,1000,absolute_error,0.2,True,"{'warm_start': True, 'verbose': 0, 'random_state': 42, 'oob_score': False, 'n_jobs': -1, 'n_estimators': 1600, 'min_weight_fraction_leaf': 0.9, 'min_samples_split': 20, 'min_samples_leaf': 13, 'min_impurity_decrease': 0.4, 'max_samples': 100, 'max_leaf_nodes': 500, 'max_features': 'sqrt', 'max_depth': 1000, 'criterion': 'absolute_error', 'ccp_alpha': 0.2, 'bootstrap': True}",,,,,,,,,,,,,74
77,0.7756911516189575,0.08291786086905358,0.0,0.0,True,0,42,True,-1,1400,0.9,17,20,1.0,170,1300,log2,,absolute_error,0.6,True,"{'warm_start': True, 'verbose': 0, 'random_state': 42, 'oob_score': True, 'n_jobs': -1, 'n_estimators': 1400, 'min_weight_fraction_leaf': 0.9, 'min_samples_split': 17, 'min_samples_leaf': 20, 'min_impurity_decrease': 1.0, 'max_samples': 170, 'max_leaf_nodes': 1300, 'max_features': 'log2', 'max_depth': None, 'criterion': 'absolute_error', 'ccp_alpha': 0.6, 'bootstrap': True}",,,,,,,,,,,,,53
78,0.3482439756393433,0.028784293312115385,0.0,0.0,True,0,42,False,-1,600,0.6,8,19,0.7,170,1000,sqrt,200,absolute_error,0.5,True,"{'warm_start': True, 'verbose': 0, 'random_state': 42, 'oob_score': False, 'n_jobs': -1, 'n_estimators': 600, 'min_weight_fraction_leaf': 0.6, 'min_samples_split': 8, 'min_samples_leaf': 19, 'min_impurity_decrease': 0.7, 'max_samples': 170, 'max_leaf_nodes': 1000, 'max_features': 'sqrt', 'max_depth': 200, 'criterion': 'absolute_error', 'ccp_alpha': 0.5, 'bootstrap': True}",,,,,,,,,,,,,54
79,0.2289942502975464,0.021444695598947273,0.0,0.0,False,0,42,True,-1,400,0.8,12,11,0.0,120,1200,log2,1800,squared_error,0.6,True,"{'warm_start': False, 'verbose': 0, 'random_state': 42, 'oob_score': True, 'n_jobs': -1, 'n_estimators': 400, 'min_weight_fraction_leaf': 0.8, 'min_samples_split': 12, 'min_samples_leaf': 11, 'min_impurity_decrease': 0.0, 'max_samples': 120, 'max_leaf_nodes': 1200, 'max_features': 'log2', 'max_depth': 1800, 'criterion': 'squared_error', 'ccp_alpha': 0.6, 'bootstrap': True}",,,,,,,,,,,,,55
80,2.4127711772918703,0.10615677824950037,0.23484551906585693,0.035013869932041926,True,0,42,False,-1,1100,0.3,16,7,0.6,160,,log2,1200,poisson,0.8,True,"{'warm_start': True, 'verbose': 0, 'random_state': 42, 'oob_score': False, 'n_jobs': -1, 'n_estimators': 1100, 'min_weight_fraction_leaf': 0.3, 'min_samples_split': 16, 'min_samples_leaf': 7, 'min_impurity_decrease': 0.6, 'max_samples': 160, 'max_leaf_nodes': None, 'max_features': 'log2', 'max_depth': 1200, 'criterion': 'poisson', 'ccp_alpha': 0.8, 'bootstrap': True}",-80109246243859.89,-160611908888734.2,-80574462352378.0,-162989436394577.2,-0.34542528900134944,-0.5505795907161666,-81629505258931.98,-1.2176694492009872,-81613921895559.81,-0.421887483513299,-64752848103404.36,60552763744693.03,30
81,0.7905030250549316,0.0558719938130017,0.0,0.0,True,0,42,False,-1,1600,0.6,16,18,0.1,210,800,,400,poisson,0.9,True,"{'warm_start': True, 'verbose': 0, 'random_state': 42, 'oob_score': False, 'n_jobs': -1, 'n_estimators': 1600, 'min_weight_fraction_leaf': 0.6, 'min_samples_split': 16, 'min_samples_leaf': 18, 'min_impurity_decrease': 0.1, 'max_samples': 210, 'max_leaf_nodes': 800, 'max_features': None, 'max_depth': 400, 'criterion': 'poisson', 'ccp_alpha': 0.9, 'bootstrap': True}",,,,,,,,,,,,,57
82,0.7327056646347045,0.030293990605860042,0.0,0.0,False,0,42,True,-1,1500,0.9,14,10,0.1,120,300,sqrt,,absolute_error,0.0,True,"{'warm_start': False, 'verbose': 0, 'random_state': 42, 'oob_score': True, 'n_jobs': -1, 'n_estimators': 1500, 'min_weight_fraction_leaf': 0.9, 'min_samples_split': 14, 'min_samples_leaf': 10, 'min_impurity_decrease': 0.1, 'max_samples': 120, 'max_leaf_nodes': 300, 'max_features': 'sqrt', 'max_depth': None, 'criterion': 'absolute_error', 'ccp_alpha': 0.0, 'bootstrap': True}",,,,,,,,,,,,,58
83,1.5246259212493896,0.042576278107814905,0.15320267677307128,0.019776046757946152,False,0,42,False,-1,700,0.2,10,13,0.3,120,1100,log2,,squared_error,0.1,True,"{'warm_start': False, 'verbose': 0, 'random_state': 42, 'oob_score': False, 'n_jobs': -1, 'n_estimators': 700, 'min_weight_fraction_leaf': 0.2, 'min_samples_split': 10, 'min_samples_leaf': 13, 'min_impurity_decrease': 0.3, 'max_samples': 120, 'max_leaf_nodes': 1100, 'max_features': 'log2', 'max_depth': None, 'criterion': 'squared_error', 'ccp_alpha': 0.1, 'bootstrap': True}",-80158247527803.23,-160780239444236.88,-80503059934206.34,-162804775036454.97,-0.3454022335684317,-0.5504369603891398,-81594061401401.84,-1.2173505256594341,-81602692120344.05,-0.4218877267681034,-64744307546444.98,60547587975486.45,27
84,2.3050517320632933,0.11247356643439722,0.20319170951843263,0.031069142509064812,False,0,42,False,-1,800,0.4,8,15,0.2,240,1400,auto,1400,absolute_error,0.1,True,"{'warm_start': False, 'verbose': 0, 'random_state': 42, 'oob_score': False, 'n_jobs': -1, 'n_estimators': 800, 'min_weight_fraction_leaf': 0.4, 'min_samples_split': 8, 'min_samples_leaf': 15, 'min_impurity_decrease': 0.2, 'max_samples': 240, 'max_leaf_nodes': 1400, 'max_features': 'auto', 'max_depth': 1400, 'criterion': 'absolute_error', 'ccp_alpha': 0.1, 'bootstrap': True}",-90752778205367.97,-181465946523902.78,-92550561891204.38,-186172546626090.3,-0.35469733275248194,-0.5864691550177653,-92886285547637.58,-1.3364103547320565,-92604308127359.48,-0.45421771600388716,-73643242692156.53,68820002984492.55,43
85,0.7731368064880371,0.18973563004318025,0.0,0.0,True,0,42,True,-1,1300,0.7,4,20,0.2,230,1600,auto,200,poisson,0.5,True,"{'warm_start': True, 'verbose': 0, 'random_state': 42, 'oob_score': True, 'n_jobs': -1, 'n_estimators': 1300, 'min_weight_fraction_leaf': 0.7, 'min_samples_split': 4, 'min_samples_leaf': 20, 'min_impurity_decrease': 0.2, 'max_samples': 230, 'max_leaf_nodes': 1600, 'max_features': 'auto', 'max_depth': 200, 'criterion': 'poisson', 'ccp_alpha': 0.5, 'bootstrap': True}",,,,,,,,,,,,,61
86,2.286825966835022,0.08056537855495201,0.22349293231964112,0.036657902870604525,True,0,42,True,-1,800,0.3,16,10,0.2,180,1300,,1800,squared_error,0.1,True,"{'warm_start': True, 'verbose': 0, 'random_state': 42, 'oob_score': True, 'n_jobs': -1, 'n_estimators': 800, 'min_weight_fraction_leaf': 0.3, 'min_samples_split': 16, 'min_samples_leaf': 10, 'min_impurity_decrease': 0.2, 'max_samples': 180, 'max_leaf_nodes': 1300, 'max_features': None, 'max_depth': 1800, 'criterion': 'squared_error', 'ccp_alpha': 0.1, 'bootstrap': True}",-80145494467633.9,-160646531762992.06,-80518487416818.02,-162805420551976.25,-0.3453946297451173,-0.5503765185455938,-81558481315731.33,-1.2169798798082858,-81545745132574.62,-0.42188657558347825,-64722016064772.875,60523996081559.11,13
87,1.4313602447509766,0.04096530577097776,0.17866206169128418,0.04001072613028133,False,0,42,False,-1,500,0.0,15,5,0.9,200,2000,,200,absolute_error,0.2,True,"{'warm_start': False, 'verbose': 0, 'random_state': 42, 'oob_score': False, 'n_jobs': -1, 'n_estimators': 500, 'min_weight_fraction_leaf': 0.0, 'min_samples_split': 15, 'min_samples_leaf': 5, 'min_impurity_decrease': 0.9, 'max_samples': 200, 'max_leaf_nodes': 2000, 'max_features': None, 'max_depth': 200, 'criterion': 'absolute_error', 'ccp_alpha': 0.2, 'bootstrap': True}",-90896234237454.42,-181608275083555.06,-92517461518003.39,-186102661293526.6,-0.3547471122421686,-0.5864593299253633,-92896151712234.8,-1.336420634062258,-92607475044390.67,-0.45455821695477505,-73662825888916.78,68833925110568.875,50
88,0.7051802158355713,0.09309830146319478,0.0,0.0,True,0,42,True,-1,1400,1.0,11,15,0.3,190,500,log2,800,absolute_error,0.5,True,"{'warm_start': True, 'verbose': 0, 'random_state': 42, 'oob_score': True, 'n_jobs': -1, 'n_estimators': 1400, 'min_weight_fraction_leaf': 1.0, 'min_samples_split': 11, 'min_samples_leaf': 15, 'min_impurity_decrease': 0.3, 'max_samples': 190, 'max_leaf_nodes': 500, 'max_features': 'log2', 'max_depth': 800, 'criterion': 'absolute_error', 'ccp_alpha': 0.5, 'bootstrap': True}",,,,,,,,,,,,,64
89,0.4883127212524414,0.04243658596697346,0.07846760749816895,0.026475121267294344,True,0,42,False,-1,200,0.2,8,11,0.8,250,1700,auto,400,squared_error,1.0,True,"{'warm_start': True, 'verbose': 0, 'random_state': 42, 'oob_score': False, 'n_jobs': -1, 'n_estimators': 200, 'min_weight_fraction_leaf': 0.2, 'min_samples_split': 8, 'min_samples_leaf': 11, 'min_impurity_decrease': 0.8, 'max_samples': 250, 'max_leaf_nodes': 1700, 'max_features': 'auto', 'max_depth': 400, 'criterion': 'squared_error', 'ccp_alpha': 1.0, 'bootstrap': True}",-80066738078545.75,-160254355443792.66,-80338655758765.1,-162355607017765.4,-0.34534639128382594,-0.5500875822061853,-81487357468232.73,-1.217322639154728,-81537253464104.34,-0.42188698661874574,-64603996723120.85,60380073640308.99,2
90,0.987537145614624,0.0493059059227751,0.0,0.0,True,0,42,False,-1,2000,1.0,8,17,0.2,150,1300,auto,1200,poisson,0.5,True,"{'warm_start': True, 'verbose': 0, 'random_state': 42, 'oob_score': False, 'n_jobs': -1, 'n_estimators': 2000, 'min_weight_fraction_leaf': 1.0, 'min_samples_split': 8, 'min_samples_leaf': 17, 'min_impurity_decrease': 0.2, 'max_samples': 150, 'max_leaf_nodes': 1300, 'max_features': 'auto', 'max_depth': 1200, 'criterion': 'poisson', 'ccp_alpha': 0.5, 'bootstrap': True}",,,,,,,,,,,,,66
91,0.7725323915481568,0.01353955335699267,0.0,0.0,True,0,42,True,-1,1600,1.0,9,8,0.2,110,1400,,1400,squared_error,0.4,True,"{'warm_start': True, 'verbose': 0, 'random_state': 42, 'oob_score': True, 'n_jobs': -1, 'n_estimators': 1600, 'min_weight_fraction_leaf': 1.0, 'min_samples_split': 9, 'min_samples_leaf': 8, 'min_impurity_decrease': 0.2, 'max_samples': 110, 'max_leaf_nodes': 1400, 'max_features': None, 'max_depth': 1400, 'criterion': 'squared_error', 'ccp_alpha': 0.4, 'bootstrap': True}",,,,,,,,,,,,,67
92,4.143423318862915,0.12029567333197354,0.32543919086456297,0.03219935930421209,True,0,42,True,-1,1600,0.1,15,18,0.5,200,1100,auto,1400,poisson,0.0,True,"{'warm_start': True, 'verbose': 0, 'random_state': 42, 'oob_score': True, 'n_jobs': -1, 'n_estimators': 1600, 'min_weight_fraction_leaf': 0.1, 'min_samples_split': 15, 'min_samples_leaf': 18, 'min_impurity_decrease': 0.5, 'max_samples': 200, 'max_leaf_nodes': 1100, 'max_features': 'auto', 'max_depth': 1400, 'criterion': 'poisson', 'ccp_alpha': 0.0, 'bootstrap': True}",-80112291599501.97,-160510612570941.47,-80552372414014.45,-162907273306706.75,-0.3454099234126956,-0.5505260183669846,-81630355572002.58,-1.2176542590766735,-81654014573804.42,-0.4218876399516116,-64736692003697.4,60524045256401.57,23
93,0.762760066986084,0.10838452883711211,0.0,0.0,True,0,42,False,-1,1400,0.6,14,4,0.6,220,2000,auto,1800,poisson,0.3,True,"{'warm_start': True, 'verbose': 0, 'random_state': 42, 'oob_score': False, 'n_jobs': -1, 'n_estimators': 1400, 'min_weight_fraction_leaf': 0.6, 'min_samples_split': 14, 'min_samples_leaf': 4, 'min_impurity_decrease': 0.6, 'max_samples': 220, 'max_leaf_nodes': 2000, 'max_features': 'auto', 'max_depth': 1800, 'criterion': 'poisson', 'ccp_alpha': 0.3, 'bootstrap': True}",,,,,,,,,,,,,69
94,2.36974413394928,0.08085414035648374,0.21252045631408692,0.045243809147337374,True,0,42,False,-1,900,0.1,2,17,0.2,230,1200,sqrt,1800,absolute_error,0.4,True,"{'warm_start': True, 'verbose': 0, 'random_state': 42, 'oob_score': False, 'n_jobs': -1, 'n_estimators': 900, 'min_weight_fraction_leaf': 0.1, 'min_samples_split': 2, 'min_samples_leaf': 17, 'min_impurity_decrease': 0.2, 'max_samples': 230, 'max_leaf_nodes': 1200, 'max_features': 'sqrt', 'max_depth': 1800, 'criterion': 'absolute_error', 'ccp_alpha': 0.4, 'bootstrap': True}",-90779465016346.72,-181475589380247.66,-92515864525654.25,-186187383091028.22,-0.35471647871005374,-0.58648113204887,-92891902088526.3,-1.3364675355809459,-92624879554228.86,-0.45431932913187884,-73647508365603.48,68824375421953.74,45
95,0.6925637245178222,0.05114299610854234,0.10616176128387451,0.03690860281218174,False,0,42,False,-1,300,0.3,2,15,0.6,180,1800,,800,squared_error,0.2,True,"{'warm_start': False, 'verbose': 0, 'random_state': 42, 'oob_score': False, 'n_jobs': -1, 'n_estimators': 300, 'min_weight_fraction_leaf': 0.3, 'min_samples_split': 2, 'min_samples_leaf': 15, 'min_impurity_decrease': 0.6, 'max_samples': 180, 'max_leaf_nodes': 1800, 'max_features': None, 'max_depth': 800, 'criterion': 'squared_error', 'ccp_alpha': 0.2, 'bootstrap': True}",-80251490063259.42,-160659705388275.94,-80341486585598.53,-162415249719597.34,-0.3453648438330387,-0.5503124251536514,-81508039872536.56,-1.217800548309857,-81572427085254.16,-0.4218877527763311,-64674839871452.44,60460385957704.64,5
96,0.5528719425201416,0.049235626420812355,0.0,0.0,False,0,42,True,-1,1100,0.8,17,4,0.2,140,1300,sqrt,1800,absolute_error,0.1,True,"{'warm_start': False, 'verbose': 0, 'random_state': 42, 'oob_score': True, 'n_jobs': -1, 'n_estimators': 1100, 'min_weight_fraction_leaf': 0.8, 'min_samples_split': 17, 'min_samples_leaf': 4, 'min_impurity_decrease': 0.2, 'max_samples': 140, 'max_leaf_nodes': 1300, 'max_features': 'sqrt', 'max_depth': 1800, 'criterion': 'absolute_error', 'ccp_alpha': 0.1, 'bootstrap': True}",,,,,,,,,,,,,72
97,0.6124955415725708,0.04211474503948866,0.0,0.0,False,0,42,True,-1,1200,0.8,15,7,0.4,150,1800,,600,squared_error,0.1,True,"{'warm_start': False, 'verbose': 0, 'random_state': 42, 'oob_score': True, 'n_jobs': -1, 'n_estimators': 1200, 'min_weight_fraction_leaf': 0.8, 'min_samples_split': 15, 'min_samples_leaf': 7, 'min_impurity_decrease': 0.4, 'max_samples': 150, 'max_leaf_nodes': 1800, 'max_features': None, 'max_depth': 600, 'criterion': 'squared_error', 'ccp_alpha': 0.1, 'bootstrap': True}",,,,,,,,,,,,,73
98,0.9519782304763794,0.02919219381570819,0.0,0.0,True,0,42,True,-1,1800,1.0,3,15,0.2,250,800,log2,1400,poisson,1.0,True,"{'warm_start': True, 'verbose': 0, 'random_state': 42, 'oob_score': True, 'n_jobs': -1, 'n_estimators': 1800, 'min_weight_fraction_leaf': 1.0, 'min_samples_split': 3, 'min_samples_leaf': 15, 'min_impurity_decrease': 0.2, 'max_samples': 250, 'max_leaf_nodes': 800, 'max_features': 'log2', 'max_depth': 1400, 'criterion': 'poisson', 'ccp_alpha': 1.0, 'bootstrap': True}",,,,,,,,,,,,,75
99,4.069095277786255,0.0957192426496821,0.30295557975769044,0.024674660405715327,False,0,42,False,-1,1500,0.0,9,6,0.3,130,1000,,2000,squared_error,0.3,True,"{'warm_start': False, 'verbose': 0, 'random_state': 42, 'oob_score': False, 'n_jobs': -1, 'n_estimators': 1500, 'min_weight_fraction_leaf': 0.0, 'min_samples_split': 9, 'min_samples_leaf': 6, 'min_impurity_decrease': 0.3, 'max_samples': 130, 'max_leaf_nodes': 1000, 'max_features': None, 'max_depth': 2000, 'criterion': 'squared_error', 'ccp_alpha': 0.3, 'bootstrap': True}",-80083635436403.8,-160504795646232.5,-80554334989040.14,-162931817265057.66,-0.3454159384700345,-0.5505795699840687,-81642311532913.38,-1.2175616293213243,-81668425793332.22,-0.4218883529654331,-64738532066298.23,60527167054123.21,25
