,mean_fit_time,std_fit_time,mean_score_time,std_score_time,param_warm_start,param_verbose,param_validation_fraction,param_tol,param_subsample,param_random_state,param_n_iter_no_change,param_n_estimators,param_min_weight_fraction_leaf,param_min_samples_split,param_min_samples_leaf,param_min_impurity_decrease,param_max_leaf_nodes,param_max_features,param_max_depth,param_loss,param_learning_rate,param_init,param_criterion,param_ccp_alpha,param_alpha,params,split0_test_score,split1_test_score,split2_test_score,split3_test_score,split4_test_score,split5_test_score,split6_test_score,split7_test_score,split8_test_score,split9_test_score,mean_test_score,std_test_score,rank_test_score
0,0.004600214958190918,0.002162827367562901,0.0005102157592773438,0.00012200021034723896,False,0,0.3,0.0001,0.9,42,1,500,0.4,18,18,1.0,94,sqrt,1800,absolute_error,0.8,,friedman_mse,0.6,0.1,"{'warm_start': False, 'verbose': 0, 'validation_fraction': 0.3, 'tol': 0.0001, 'subsample': 0.9, 'random_state': 42, 'n_iter_no_change': 1, 'n_estimators': 500, 'min_weight_fraction_leaf': 0.4, 'min_samples_split': 18, 'min_samples_leaf': 18, 'min_impurity_decrease': 1.0, 'max_leaf_nodes': 94, 'max_features': 'sqrt', 'max_depth': 1800, 'loss': 'absolute_error', 'learning_rate': 0.8, 'init': None, 'criterion': 'friedman_mse', 'ccp_alpha': 0.6, 'alpha': 0.1}",-0.23322295097877038,-0.2433007188286941,-0.19814913597254258,-0.2950125736730817,-0.2788408177016493,-0.21092531990955207,-0.3159131573218388,-0.2812267412944532,-0.3496656145952258,-0.29736287388964405,-0.2703619904165452,0.04555177353244533,67
1,0.007202029228210449,0.0037580797458558247,0.000676417350769043,0.0002456992808035575,False,0,0.2,0.001,0.6,42,1,2000,0.0,6,11,1.0,52,log2,1200,quantile,0.4,,friedman_mse,0.5,0.5,"{'warm_start': False, 'verbose': 0, 'validation_fraction': 0.2, 'tol': 0.001, 'subsample': 0.6, 'random_state': 42, 'n_iter_no_change': 1, 'n_estimators': 2000, 'min_weight_fraction_leaf': 0.0, 'min_samples_split': 6, 'min_samples_leaf': 11, 'min_impurity_decrease': 1.0, 'max_leaf_nodes': 52, 'max_features': 'log2', 'max_depth': 1200, 'loss': 'quantile', 'learning_rate': 0.4, 'init': None, 'criterion': 'friedman_mse', 'ccp_alpha': 0.5, 'alpha': 0.5}",-0.2328317670402225,-0.24181469937014413,-0.19430165453808695,-0.28975699789483605,-0.27272371663390527,-0.2113089692102031,-0.3119674829349435,-0.28060091112643387,-0.35084238032483894,-0.2954928709923259,-0.268164145006594,0.04557833382755506,56
2,0.008368515968322754,0.0015971831853440893,0.0005702972412109375,8.669195914998617e-05,False,0,0.3,0.1,0.8,42,5,300,0.3,15,1,0.1,388,sqrt,2000,quantile,0.7,,friedman_mse,0.3,0.8,"{'warm_start': False, 'verbose': 0, 'validation_fraction': 0.3, 'tol': 0.1, 'subsample': 0.8, 'random_state': 42, 'n_iter_no_change': 5, 'n_estimators': 300, 'min_weight_fraction_leaf': 0.3, 'min_samples_split': 15, 'min_samples_leaf': 1, 'min_impurity_decrease': 0.1, 'max_leaf_nodes': 388, 'max_features': 'sqrt', 'max_depth': 2000, 'loss': 'quantile', 'learning_rate': 0.7, 'init': None, 'criterion': 'friedman_mse', 'ccp_alpha': 0.3, 'alpha': 0.8}",-0.2980667040639962,-0.29476069131871985,-0.2493305460975906,-0.3530993332509403,-0.3404071466881461,-0.24120050178439023,-0.3771177530869813,-0.3348699969610705,-0.4117206360906827,-0.36231142591533616,-0.32628847352578544,0.052081359128944814,82
3,0.012899327278137206,0.003759173748996249,0.0007022142410278321,0.00023860321167667702,False,0,0.4,0.0001,0.6,42,7,2000,0.5,19,16,0.1,178,,800,absolute_error,0.4,,squared_error,0.4,0.9,"{'warm_start': False, 'verbose': 0, 'validation_fraction': 0.4, 'tol': 0.0001, 'subsample': 0.6, 'random_state': 42, 'n_iter_no_change': 7, 'n_estimators': 2000, 'min_weight_fraction_leaf': 0.5, 'min_samples_split': 19, 'min_samples_leaf': 16, 'min_impurity_decrease': 0.1, 'max_leaf_nodes': 178, 'max_features': None, 'max_depth': 800, 'loss': 'absolute_error', 'learning_rate': 0.4, 'init': None, 'criterion': 'squared_error', 'ccp_alpha': 0.4, 'alpha': 0.9}",-0.23929652368119156,-0.24183279528766208,-0.19900306250858485,-0.29826201676940794,-0.2828982520253685,-0.212430368490201,-0.3056867115812356,-0.2756591405027316,-0.3445174840086794,-0.2904761313904664,-0.2690062486245529,0.04280636424451148,62
4,0.0043267965316772464,0.0010485799783684024,0.0006362199783325195,0.0003181955517027227,True,0,0.5,0.1,0.1,42,1,1100,0.0,13,19,0.2,52,auto,200,quantile,0.5,,squared_error,0.7,0.5,"{'warm_start': True, 'verbose': 0, 'validation_fraction': 0.5, 'tol': 0.1, 'subsample': 0.1, 'random_state': 42, 'n_iter_no_change': 1, 'n_estimators': 1100, 'min_weight_fraction_leaf': 0.0, 'min_samples_split': 13, 'min_samples_leaf': 19, 'min_impurity_decrease': 0.2, 'max_leaf_nodes': 52, 'max_features': 'auto', 'max_depth': 200, 'loss': 'quantile', 'learning_rate': 0.5, 'init': None, 'criterion': 'squared_error', 'ccp_alpha': 0.7, 'alpha': 0.5}",-0.23980564997243844,-0.23900163289012907,-0.21178010641712738,-0.31405665155484186,-0.30117779907499076,-0.21620864616791868,-0.336843288394699,-0.30630119718985443,-0.3842948047076436,-0.33186899124045577,-0.2881338767610099,0.05518805007572589,77
5,0.03451375961303711,0.003649298919252003,0.000617527961730957,6.747662376375826e-05,True,0,0.1,0.0001,0.7,42,7,800,0.4,5,2,0.6,304,log2,1400,huber,0.3,,squared_error,1.0,0.8,"{'warm_start': True, 'verbose': 0, 'validation_fraction': 0.1, 'tol': 0.0001, 'subsample': 0.7, 'random_state': 42, 'n_iter_no_change': 7, 'n_estimators': 800, 'min_weight_fraction_leaf': 0.4, 'min_samples_split': 5, 'min_samples_leaf': 2, 'min_impurity_decrease': 0.6, 'max_leaf_nodes': 304, 'max_features': 'log2', 'max_depth': 1400, 'loss': 'huber', 'learning_rate': 0.3, 'init': None, 'criterion': 'squared_error', 'ccp_alpha': 1.0, 'alpha': 0.8}",-0.22117819017131257,-0.23325131577633829,-0.19152512578067502,-0.27878504893433476,-0.2608673484372686,-0.21820075099183536,-0.30055795005000924,-0.27087743347677057,-0.32941244232624595,-0.2823085492787825,-0.2586964155223573,0.04009273259190903,23
6,0.8535923719406128,0.08882043331747251,0.0009426593780517579,0.00011417954120544947,True,0,0.2,0.0001,0.9,42,,600,0.4,15,8,0.9,136,log2,1000,absolute_error,0.8,,friedman_mse,0.8,0.3,"{'warm_start': True, 'verbose': 0, 'validation_fraction': 0.2, 'tol': 0.0001, 'subsample': 0.9, 'random_state': 42, 'n_iter_no_change': None, 'n_estimators': 600, 'min_weight_fraction_leaf': 0.4, 'min_samples_split': 15, 'min_samples_leaf': 8, 'min_impurity_decrease': 0.9, 'max_leaf_nodes': 136, 'max_features': 'log2', 'max_depth': 1000, 'loss': 'absolute_error', 'learning_rate': 0.8, 'init': None, 'criterion': 'friedman_mse', 'ccp_alpha': 0.8, 'alpha': 0.3}",-0.23116670900903596,-0.2406310289837543,-0.19555986675265596,-0.29042012542658596,-0.275804239464016,-0.2111739048129245,-0.3152568519234022,-0.28084248369878995,-0.3483155119937118,-0.29773159044778613,-0.2686902312512663,0.045688097206385114,61
7,0.0040369749069213865,0.0018135214835886537,0.00214083194732666,0.0038594015928584175,True,0,0.5,0.0001,0.6,42,1,1700,0.1,8,13,0.5,346,,400,squared_error,0.1,,friedman_mse,0.6,0.6,"{'warm_start': True, 'verbose': 0, 'validation_fraction': 0.5, 'tol': 0.0001, 'subsample': 0.6, 'random_state': 42, 'n_iter_no_change': 1, 'n_estimators': 1700, 'min_weight_fraction_leaf': 0.1, 'min_samples_split': 8, 'min_samples_leaf': 13, 'min_impurity_decrease': 0.5, 'max_leaf_nodes': 346, 'max_features': None, 'max_depth': 400, 'loss': 'squared_error', 'learning_rate': 0.1, 'init': None, 'criterion': 'friedman_mse', 'ccp_alpha': 0.6, 'alpha': 0.6}",-0.21478923919032164,-0.23462928064776709,-0.19749747466550371,-0.2709251278550779,-0.25100138287563406,-0.2304332548748991,-0.2893543112769461,-0.26727064688315233,-0.31682296947710203,-0.26833354319448516,-0.2541057230940889,0.033962020860514565,10
8,0.0011423826217651367,0.00011192868657929597,0.0,0.0,True,0,0.4,0.1,0.2,42,5,100,0.5,12,9,1.0,178,auto,600,absolute_error,0.4,,friedman_mse,0.9,0.0,"{'warm_start': True, 'verbose': 0, 'validation_fraction': 0.4, 'tol': 0.1, 'subsample': 0.2, 'random_state': 42, 'n_iter_no_change': 5, 'n_estimators': 100, 'min_weight_fraction_leaf': 0.5, 'min_samples_split': 12, 'min_samples_leaf': 9, 'min_impurity_decrease': 1.0, 'max_leaf_nodes': 178, 'max_features': 'auto', 'max_depth': 600, 'loss': 'absolute_error', 'learning_rate': 0.4, 'init': None, 'criterion': 'friedman_mse', 'ccp_alpha': 0.9, 'alpha': 0.0}",,,,,,,,,,,,,94
9,0.010747480392456054,0.002628449850097601,0.001419401168823242,0.0025200020615152997,False,0,0.4,0.1,0.2,42,5,700,0.1,10,4,0.4,,sqrt,,quantile,0.5,,squared_error,0.2,0.9,"{'warm_start': False, 'verbose': 0, 'validation_fraction': 0.4, 'tol': 0.1, 'subsample': 0.2, 'random_state': 42, 'n_iter_no_change': 5, 'n_estimators': 700, 'min_weight_fraction_leaf': 0.1, 'min_samples_split': 10, 'min_samples_leaf': 4, 'min_impurity_decrease': 0.4, 'max_leaf_nodes': None, 'max_features': 'sqrt', 'max_depth': None, 'loss': 'quantile', 'learning_rate': 0.5, 'init': None, 'criterion': 'squared_error', 'ccp_alpha': 0.2, 'alpha': 0.9}",-0.3141925596724005,-0.30804022074587945,-0.2700911037504131,-0.3714486971130578,-0.36465286627767096,-0.2564604992050626,-0.3978796899727805,-0.3451820861376628,-0.43336234185121747,-0.38178901399951065,-0.3443099078725656,0.05366968030119926,86
10,2.345406985282898,0.11473254738302537,0.0019111394882202148,0.0008159087200797615,False,0,0.3,0.01,1.0,42,,1800,0.3,7,19,0.1,220,auto,1000,absolute_error,0.1,,friedman_mse,0.9,0.6,"{'warm_start': False, 'verbose': 0, 'validation_fraction': 0.3, 'tol': 0.01, 'subsample': 1.0, 'random_state': 42, 'n_iter_no_change': None, 'n_estimators': 1800, 'min_weight_fraction_leaf': 0.3, 'min_samples_split': 7, 'min_samples_leaf': 19, 'min_impurity_decrease': 0.1, 'max_leaf_nodes': 220, 'max_features': 'auto', 'max_depth': 1000, 'loss': 'absolute_error', 'learning_rate': 0.1, 'init': None, 'criterion': 'friedman_mse', 'ccp_alpha': 0.9, 'alpha': 0.6}",-0.23335148400145936,-0.24161636777133247,-0.19590101592108888,-0.2912417857475958,-0.27503181439400876,-0.21112141165568854,-0.3136198995028442,-0.2795829380282456,-0.34648777703058575,-0.2942242354835815,-0.2682178729536431,0.044701886664679086,58
11,0.02146635055541992,0.0068433834194065206,0.000719451904296875,0.00024321325010320693,False,0,0.1,0.1,0.9,42,7,700,0.0,7,14,1.0,178,,200,absolute_error,0.5,,friedman_mse,0.8,0.3,"{'warm_start': False, 'verbose': 0, 'validation_fraction': 0.1, 'tol': 0.1, 'subsample': 0.9, 'random_state': 42, 'n_iter_no_change': 7, 'n_estimators': 700, 'min_weight_fraction_leaf': 0.0, 'min_samples_split': 7, 'min_samples_leaf': 14, 'min_impurity_decrease': 1.0, 'max_leaf_nodes': 178, 'max_features': None, 'max_depth': 200, 'loss': 'absolute_error', 'learning_rate': 0.5, 'init': None, 'criterion': 'friedman_mse', 'ccp_alpha': 0.8, 'alpha': 0.3}",-0.230892980024594,-0.2405045967536027,-0.19493674337806227,-0.29049596045738985,-0.2736814349756439,-0.21133181218925517,-0.3123366981869113,-0.2790712920127425,-0.3451481975135671,-0.29478779408049083,-0.26731875095722596,0.04469217342111937,50
12,0.03673229217529297,0.022602209899934857,0.0005824089050292969,5.246506877131691e-05,True,0,0.3,0.0001,0.2,42,7,200,0.0,18,4,0.9,52,,1200,huber,1.0,,friedman_mse,0.5,0.9,"{'warm_start': True, 'verbose': 0, 'validation_fraction': 0.3, 'tol': 0.0001, 'subsample': 0.2, 'random_state': 42, 'n_iter_no_change': 7, 'n_estimators': 200, 'min_weight_fraction_leaf': 0.0, 'min_samples_split': 18, 'min_samples_leaf': 4, 'min_impurity_decrease': 0.9, 'max_leaf_nodes': 52, 'max_features': None, 'max_depth': 1200, 'loss': 'huber', 'learning_rate': 1.0, 'init': None, 'criterion': 'friedman_mse', 'ccp_alpha': 0.5, 'alpha': 0.9}",-0.2280743774772801,-0.2364180313727255,-0.24325455934402762,-0.28080224608191434,-0.26070468308015465,-0.21999166242960724,-0.2854724198068407,-0.27461156582104174,-0.33853973669908544,-0.28132339344439405,-0.2649192675557071,0.033366433639908925,38
13,0.01343376636505127,0.002731367885056436,0.0006428241729736328,0.0001332296929119579,True,0,0.4,0.1,0.9,42,7,500,0.1,4,20,0.1,388,auto,1000,absolute_error,0.6,,squared_error,0.6,0.4,"{'warm_start': True, 'verbose': 0, 'validation_fraction': 0.4, 'tol': 0.1, 'subsample': 0.9, 'random_state': 42, 'n_iter_no_change': 7, 'n_estimators': 500, 'min_weight_fraction_leaf': 0.1, 'min_samples_split': 4, 'min_samples_leaf': 20, 'min_impurity_decrease': 0.1, 'max_leaf_nodes': 388, 'max_features': 'auto', 'max_depth': 1000, 'loss': 'absolute_error', 'learning_rate': 0.6, 'init': None, 'criterion': 'squared_error', 'ccp_alpha': 0.6, 'alpha': 0.4}",-0.23483562216487633,-0.24261851374818053,-0.1959746369705793,-0.29225769140018704,-0.27635055878598214,-0.21147473371506717,-0.3118661153973837,-0.2801747610999933,-0.34598960584381133,-0.2949197793579889,-0.268646201848405,0.044340004661383305,60
14,0.005356884002685547,0.0019177118436566334,0.0005956411361694336,0.0001172045971561795,False,0,0.1,0.01,0.8,42,1,1900,0.4,7,3,1.0,388,auto,1400,quantile,0.6,,squared_error,1.0,0.2,"{'warm_start': False, 'verbose': 0, 'validation_fraction': 0.1, 'tol': 0.01, 'subsample': 0.8, 'random_state': 42, 'n_iter_no_change': 1, 'n_estimators': 1900, 'min_weight_fraction_leaf': 0.4, 'min_samples_split': 7, 'min_samples_leaf': 3, 'min_impurity_decrease': 1.0, 'max_leaf_nodes': 388, 'max_features': 'auto', 'max_depth': 1400, 'loss': 'quantile', 'learning_rate': 0.6, 'init': None, 'criterion': 'squared_error', 'ccp_alpha': 1.0, 'alpha': 0.2}",-0.2938831771119304,-0.3258793275892923,-0.3591533339121323,-0.3343688197791744,-0.30750379266702166,-0.3944765114502331,-0.3266296628410064,-0.33502267857854884,-0.3200253589645402,-0.3066477377652068,-0.3303590400659086,0.027447818063569985,84
15,0.014449000358581543,0.0044636083722594845,0.0005692481994628906,6.776694877397012e-05,True,0,0.2,0.01,0.3,42,7,800,0.1,11,12,0.5,262,,2000,absolute_error,0.9,,friedman_mse,0.5,0.4,"{'warm_start': True, 'verbose': 0, 'validation_fraction': 0.2, 'tol': 0.01, 'subsample': 0.3, 'random_state': 42, 'n_iter_no_change': 7, 'n_estimators': 800, 'min_weight_fraction_leaf': 0.1, 'min_samples_split': 11, 'min_samples_leaf': 12, 'min_impurity_decrease': 0.5, 'max_leaf_nodes': 262, 'max_features': None, 'max_depth': 2000, 'loss': 'absolute_error', 'learning_rate': 0.9, 'init': None, 'criterion': 'friedman_mse', 'ccp_alpha': 0.5, 'alpha': 0.4}",-0.24487281643565728,-0.250808425882724,-0.20337248337112676,-0.30309821538260745,-0.2768966765222718,-0.2111650716640735,-0.3264342186025139,-0.28125027589743984,-0.34761195391618316,-0.3055418860874601,-0.2751052023762058,0.045145456610086676,74
16,0.01359386444091797,0.010053308083049267,0.001708841323852539,0.0030579590604092764,True,0,0.2,0.01,0.2,42,7,1500,0.0,12,3,1.0,220,log2,600,squared_error,0.4,,squared_error,0.2,0.4,"{'warm_start': True, 'verbose': 0, 'validation_fraction': 0.2, 'tol': 0.01, 'subsample': 0.2, 'random_state': 42, 'n_iter_no_change': 7, 'n_estimators': 1500, 'min_weight_fraction_leaf': 0.0, 'min_samples_split': 12, 'min_samples_leaf': 3, 'min_impurity_decrease': 1.0, 'max_leaf_nodes': 220, 'max_features': 'log2', 'max_depth': 600, 'loss': 'squared_error', 'learning_rate': 0.4, 'init': None, 'criterion': 'squared_error', 'ccp_alpha': 0.2, 'alpha': 0.4}",-0.21478797149818732,-0.23372875878195573,-0.19839112212481533,-0.27274881293899905,-0.2519315697022529,-0.23173682726241884,-0.2912168365906269,-0.26703209371810505,-0.31475709161746696,-0.2709361671630041,-0.2547267251397832,0.03379379231062322,17
17,0.007771492004394531,0.0019342623403860065,0.0008482217788696289,0.0008053597578207382,False,0,0.1,0.0001,0.8,42,1,200,0.2,17,10,1.0,304,sqrt,1800,huber,0.9,,friedman_mse,0.5,0.7,"{'warm_start': False, 'verbose': 0, 'validation_fraction': 0.1, 'tol': 0.0001, 'subsample': 0.8, 'random_state': 42, 'n_iter_no_change': 1, 'n_estimators': 200, 'min_weight_fraction_leaf': 0.2, 'min_samples_split': 17, 'min_samples_leaf': 10, 'min_impurity_decrease': 1.0, 'max_leaf_nodes': 304, 'max_features': 'sqrt', 'max_depth': 1800, 'loss': 'huber', 'learning_rate': 0.9, 'init': None, 'criterion': 'friedman_mse', 'ccp_alpha': 0.5, 'alpha': 0.7}",-0.22442330720611084,-0.23570301824449513,-0.19154689483403478,-0.28227635339925977,-0.2628700368583008,-0.21591280627462514,-0.3014893883524048,-0.2724045091527443,-0.333039956894358,-0.2846373756538814,-0.2604303646870215,0.04099420729826986,27
18,0.01318659782409668,0.00812339509196794,0.0005756378173828125,4.896959749851275e-05,False,0,0.3,0.1,0.1,42,5,1000,0.5,7,16,0.8,388,log2,200,absolute_error,0.6,,friedman_mse,0.8,0.2,"{'warm_start': False, 'verbose': 0, 'validation_fraction': 0.3, 'tol': 0.1, 'subsample': 0.1, 'random_state': 42, 'n_iter_no_change': 5, 'n_estimators': 1000, 'min_weight_fraction_leaf': 0.5, 'min_samples_split': 7, 'min_samples_leaf': 16, 'min_impurity_decrease': 0.8, 'max_leaf_nodes': 388, 'max_features': 'log2', 'max_depth': 200, 'loss': 'absolute_error', 'learning_rate': 0.6, 'init': None, 'criterion': 'friedman_mse', 'ccp_alpha': 0.8, 'alpha': 0.2}",-0.2393340639544273,-0.24612412967026542,-0.19976216535538374,-0.2993199112595649,-0.2827970965562451,-0.2109775699819982,-0.31845256199538186,-0.28360928827752413,-0.35668895752883056,-0.30723930711378555,-0.27443050516934064,0.04710540461286604,72
19,0.011280560493469238,0.003926493101668317,0.0005871772766113282,9.547988698649768e-05,False,0,0.1,0.0001,0.3,42,5,600,0.0,2,14,0.1,,auto,600,squared_error,0.5,,friedman_mse,1.0,0.7,"{'warm_start': False, 'verbose': 0, 'validation_fraction': 0.1, 'tol': 0.0001, 'subsample': 0.3, 'random_state': 42, 'n_iter_no_change': 5, 'n_estimators': 600, 'min_weight_fraction_leaf': 0.0, 'min_samples_split': 2, 'min_samples_leaf': 14, 'min_impurity_decrease': 0.1, 'max_leaf_nodes': None, 'max_features': 'auto', 'max_depth': 600, 'loss': 'squared_error', 'learning_rate': 0.5, 'init': None, 'criterion': 'friedman_mse', 'ccp_alpha': 1.0, 'alpha': 0.7}",-0.21575541582418417,-0.23567333702574164,-0.20593639904451785,-0.2700588555801279,-0.24980779619329502,-0.2373039543844299,-0.2868756685869253,-0.2672816297119129,-0.30650945219740033,-0.2654711992487192,-0.2540673707797254,0.029679691293467807,8
20,2.128813362121582,0.5798823825478749,0.0013733625411987305,0.0003777344494031798,True,0,0.1,0.0001,0.4,42,,1800,0.3,12,5,0.0,52,sqrt,1800,absolute_error,0.6,,squared_error,0.7,0.7,"{'warm_start': True, 'verbose': 0, 'validation_fraction': 0.1, 'tol': 0.0001, 'subsample': 0.4, 'random_state': 42, 'n_iter_no_change': None, 'n_estimators': 1800, 'min_weight_fraction_leaf': 0.3, 'min_samples_split': 12, 'min_samples_leaf': 5, 'min_impurity_decrease': 0.0, 'max_leaf_nodes': 52, 'max_features': 'sqrt', 'max_depth': 1800, 'loss': 'absolute_error', 'learning_rate': 0.6, 'init': None, 'criterion': 'squared_error', 'ccp_alpha': 0.7, 'alpha': 0.7}",-0.22582597764841014,-0.23715856333437338,-0.19717049979909276,-0.2920013691096164,-0.2759047903206598,-0.2109477751733113,-0.31342078411865637,-0.28027630446777224,-0.3455322431126973,-0.29526084485099596,-0.2673499151935586,0.045391739144151656,51
21,0.009992265701293945,0.004770953006804003,0.0005923748016357422,8.311534293091262e-05,False,0,0.1,0.001,0.3,42,1,1100,0.4,9,3,0.1,136,auto,600,huber,0.7,,squared_error,0.9,0.7,"{'warm_start': False, 'verbose': 0, 'validation_fraction': 0.1, 'tol': 0.001, 'subsample': 0.3, 'random_state': 42, 'n_iter_no_change': 1, 'n_estimators': 1100, 'min_weight_fraction_leaf': 0.4, 'min_samples_split': 9, 'min_samples_leaf': 3, 'min_impurity_decrease': 0.1, 'max_leaf_nodes': 136, 'max_features': 'auto', 'max_depth': 600, 'loss': 'huber', 'learning_rate': 0.7, 'init': None, 'criterion': 'squared_error', 'ccp_alpha': 0.9, 'alpha': 0.7}",-0.22033240129960324,-0.23312093814795862,-0.1915867332864951,-0.2822527461649546,-0.2623297225442423,-0.21557884475188563,-0.30090337825924385,-0.2723964553604746,-0.33739798947887173,-0.2915007388126756,-0.2607399948106405,0.04272500043785616,28
22,0.010205268859863281,0.004828951423960934,0.0005675792694091797,3.957219835396576e-05,True,0,0.1,0.1,0.8,42,1,2000,0.5,7,18,0.1,304,,1600,huber,1.0,,friedman_mse,0.2,0.1,"{'warm_start': True, 'verbose': 0, 'validation_fraction': 0.1, 'tol': 0.1, 'subsample': 0.8, 'random_state': 42, 'n_iter_no_change': 1, 'n_estimators': 2000, 'min_weight_fraction_leaf': 0.5, 'min_samples_split': 7, 'min_samples_leaf': 18, 'min_impurity_decrease': 0.1, 'max_leaf_nodes': 304, 'max_features': None, 'max_depth': 1600, 'loss': 'huber', 'learning_rate': 1.0, 'init': None, 'criterion': 'friedman_mse', 'ccp_alpha': 0.2, 'alpha': 0.1}",-0.23029832962255628,-0.24003925756146074,-0.19387225657650986,-0.28925685328352213,-0.2698973780898189,-0.21308249187882916,-0.3085696224244169,-0.27736648964607824,-0.34289722183141375,-0.29269004014109634,-0.26579699410557023,0.04367357659714644,42
23,0.012931060791015626,0.004937904638626391,0.0008830070495605469,0.0008673345414049402,False,0,0.3,0.1,0.7,42,3,1600,0.1,8,16,0.5,10,auto,2000,quantile,0.2,,squared_error,0.1,0.8,"{'warm_start': False, 'verbose': 0, 'validation_fraction': 0.3, 'tol': 0.1, 'subsample': 0.7, 'random_state': 42, 'n_iter_no_change': 3, 'n_estimators': 1600, 'min_weight_fraction_leaf': 0.1, 'min_samples_split': 8, 'min_samples_leaf': 16, 'min_impurity_decrease': 0.5, 'max_leaf_nodes': 10, 'max_features': 'auto', 'max_depth': 2000, 'loss': 'quantile', 'learning_rate': 0.2, 'init': None, 'criterion': 'squared_error', 'ccp_alpha': 0.1, 'alpha': 0.8}",-0.2978398785304156,-0.29560572109416416,-0.25122231457524463,-0.35469415273357063,-0.3431690722269908,-0.2434956238443898,-0.3785535063788068,-0.33617379637532824,-0.4154347426576842,-0.36552890708910196,-0.3281717715505697,0.05254800598933421,83
24,0.017988204956054688,0.009405120286138165,0.0019891977310180662,0.0016503748880602022,True,0,0.5,0.0001,0.3,42,3,900,0.1,3,14,0.3,220,log2,1600,huber,0.5,,squared_error,0.2,0.4,"{'warm_start': True, 'verbose': 0, 'validation_fraction': 0.5, 'tol': 0.0001, 'subsample': 0.3, 'random_state': 42, 'n_iter_no_change': 3, 'n_estimators': 900, 'min_weight_fraction_leaf': 0.1, 'min_samples_split': 3, 'min_samples_leaf': 14, 'min_impurity_decrease': 0.3, 'max_leaf_nodes': 220, 'max_features': 'log2', 'max_depth': 1600, 'loss': 'huber', 'learning_rate': 0.5, 'init': None, 'criterion': 'squared_error', 'ccp_alpha': 0.2, 'alpha': 0.4}",-0.23192614343250414,-0.238749538810729,-0.19660937111491686,-0.2838557389730661,-0.27261774391845417,-0.2120815653561616,-0.31481754659898886,-0.2829340340639961,-0.35061295565026585,-0.29790605743872095,-0.2682110695357804,0.04559261903271762,57
25,0.02016637325286865,0.00550858289374561,0.0005855798721313476,5.8696644723059284e-05,True,0,0.2,0.0001,0.1,42,7,1400,0.0,6,13,0.9,304,auto,200,quantile,0.3,,squared_error,0.2,0.4,"{'warm_start': True, 'verbose': 0, 'validation_fraction': 0.2, 'tol': 0.0001, 'subsample': 0.1, 'random_state': 42, 'n_iter_no_change': 7, 'n_estimators': 1400, 'min_weight_fraction_leaf': 0.0, 'min_samples_split': 6, 'min_samples_leaf': 13, 'min_impurity_decrease': 0.9, 'max_leaf_nodes': 304, 'max_features': 'auto', 'max_depth': 200, 'loss': 'quantile', 'learning_rate': 0.3, 'init': None, 'criterion': 'squared_error', 'ccp_alpha': 0.2, 'alpha': 0.4}",-0.2153900500287186,-0.23573472600173737,-0.19317671607597564,-0.2826505525721928,-0.26394756002004405,-0.21791084829576784,-0.2963322226513891,-0.2714682870232442,-0.33233089932704435,-0.27820337553966507,-0.2587145237535779,0.040425832437804815,24
26,0.019561958312988282,0.009220279870742653,0.0010178089141845703,0.001298417749062977,False,0,0.3,0.0001,0.7,42,7,1400,0.0,15,16,0.0,10,log2,400,absolute_error,0.1,,friedman_mse,0.6,0.8,"{'warm_start': False, 'verbose': 0, 'validation_fraction': 0.3, 'tol': 0.0001, 'subsample': 0.7, 'random_state': 42, 'n_iter_no_change': 7, 'n_estimators': 1400, 'min_weight_fraction_leaf': 0.0, 'min_samples_split': 15, 'min_samples_leaf': 16, 'min_impurity_decrease': 0.0, 'max_leaf_nodes': 10, 'max_features': 'log2', 'max_depth': 400, 'loss': 'absolute_error', 'learning_rate': 0.1, 'init': None, 'criterion': 'friedman_mse', 'ccp_alpha': 0.6, 'alpha': 0.8}",-0.23322654231838585,-0.24248969647492133,-0.19681244285822616,-0.29471492500290364,-0.2775093835748625,-0.2111083960650696,-0.313128699593885,-0.2807380669515369,-0.3490246685482776,-0.2965547292395034,-0.2695307550627572,0.04530364518495014,64
27,0.012465310096740723,0.007244750239026728,0.0006286382675170898,0.00014694253858878778,False,0,0.1,0.01,0.3,42,1,300,0.4,20,17,0.5,304,sqrt,,quantile,0.1,,friedman_mse,0.3,0.3,"{'warm_start': False, 'verbose': 0, 'validation_fraction': 0.1, 'tol': 0.01, 'subsample': 0.3, 'random_state': 42, 'n_iter_no_change': 1, 'n_estimators': 300, 'min_weight_fraction_leaf': 0.4, 'min_samples_split': 20, 'min_samples_leaf': 17, 'min_impurity_decrease': 0.5, 'max_leaf_nodes': 304, 'max_features': 'sqrt', 'max_depth': None, 'loss': 'quantile', 'learning_rate': 0.1, 'init': None, 'criterion': 'friedman_mse', 'ccp_alpha': 0.3, 'alpha': 0.3}",-0.22914236422217882,-0.2569943048466722,-0.23440078205439316,-0.27407059192610084,-0.2517073998728447,-0.2850556781993354,-0.2862620697928097,-0.2772259710490807,-0.3010567362674382,-0.26492075521879316,-0.2660836653449647,0.02199380277617919,44
28,0.008585524559020997,0.004060670135101062,0.0015079021453857423,0.00277442249866734,False,0,0.5,0.1,0.6,42,1,1800,0.0,7,20,0.7,388,sqrt,400,huber,0.5,,squared_error,0.8,0.3,"{'warm_start': False, 'verbose': 0, 'validation_fraction': 0.5, 'tol': 0.1, 'subsample': 0.6, 'random_state': 42, 'n_iter_no_change': 1, 'n_estimators': 1800, 'min_weight_fraction_leaf': 0.0, 'min_samples_split': 7, 'min_samples_leaf': 20, 'min_impurity_decrease': 0.7, 'max_leaf_nodes': 388, 'max_features': 'sqrt', 'max_depth': 400, 'loss': 'huber', 'learning_rate': 0.5, 'init': None, 'criterion': 'squared_error', 'ccp_alpha': 0.8, 'alpha': 0.3}",-0.23224242729391856,-0.23876359948491016,-0.2025858618326226,-0.30261252052167037,-0.2865511891662487,-0.21145138543462885,-0.3236802504941254,-0.28984604723572727,-0.35794400662829445,-0.29967732708482975,-0.27453546151769764,0.048369509487598876,73
29,0.00625452995300293,0.003081798299296276,0.0006093263626098632,0.0001137952696508497,False,0,0.4,0.01,1.0,42,1,300,0.1,11,7,0.5,220,,200,quantile,0.6,,squared_error,0.7,0.2,"{'warm_start': False, 'verbose': 0, 'validation_fraction': 0.4, 'tol': 0.01, 'subsample': 1.0, 'random_state': 42, 'n_iter_no_change': 1, 'n_estimators': 300, 'min_weight_fraction_leaf': 0.1, 'min_samples_split': 11, 'min_samples_leaf': 7, 'min_impurity_decrease': 0.5, 'max_leaf_nodes': 220, 'max_features': None, 'max_depth': 200, 'loss': 'quantile', 'learning_rate': 0.6, 'init': None, 'criterion': 'squared_error', 'ccp_alpha': 0.7, 'alpha': 0.2}",-0.28024193085219457,-0.3209893422096724,-0.3148258470920207,-0.32495250619650057,-0.3010030208082442,-0.41601159001597415,-0.3233878423755761,-0.32155919711222325,-0.3146504507301847,-0.3007122201097419,-0.32183339475023326,0.034048530087359814,81
30,0.013670396804809571,0.006038664964581265,0.0011775970458984375,0.0009742443456318193,True,0,0.1,0.1,1.0,42,5,1600,0.5,2,12,0.6,136,log2,1000,absolute_error,0.3,,squared_error,0.4,0.5,"{'warm_start': True, 'verbose': 0, 'validation_fraction': 0.1, 'tol': 0.1, 'subsample': 1.0, 'random_state': 42, 'n_iter_no_change': 5, 'n_estimators': 1600, 'min_weight_fraction_leaf': 0.5, 'min_samples_split': 2, 'min_samples_leaf': 12, 'min_impurity_decrease': 0.6, 'max_leaf_nodes': 136, 'max_features': 'log2', 'max_depth': 1000, 'loss': 'absolute_error', 'learning_rate': 0.3, 'init': None, 'criterion': 'squared_error', 'ccp_alpha': 0.4, 'alpha': 0.5}",-0.23218497259729504,-0.24082063336403978,-0.1952648801569454,-0.2904782075713597,-0.27373804947859554,-0.2114781759105879,-0.31151984019008405,-0.2786843147765723,-0.3439724580272304,-0.29422423548358123,-0.2672365767556291,0.04416624420337193,48
31,0.007280778884887695,0.0045522185061319925,0.0005452156066894532,3.559738693887407e-05,True,0,0.5,0.1,0.2,42,1,300,0.5,17,12,0.7,304,auto,200,quantile,0.9,,friedman_mse,0.9,0.3,"{'warm_start': True, 'verbose': 0, 'validation_fraction': 0.5, 'tol': 0.1, 'subsample': 0.2, 'random_state': 42, 'n_iter_no_change': 1, 'n_estimators': 300, 'min_weight_fraction_leaf': 0.5, 'min_samples_split': 17, 'min_samples_leaf': 12, 'min_impurity_decrease': 0.7, 'max_leaf_nodes': 304, 'max_features': 'auto', 'max_depth': 200, 'loss': 'quantile', 'learning_rate': 0.9, 'init': None, 'criterion': 'friedman_mse', 'ccp_alpha': 0.9, 'alpha': 0.3}",-0.2158209902791867,-0.2920197409801619,-0.19716358568481615,-0.27067197490180167,-0.25447965576476533,-0.22860677915188193,-0.2882167826685805,-0.2680546184761741,-0.310836006790277,-0.2877337937383732,-0.2613603928436018,0.035001975884103774,29
32,0.0006349563598632812,0.00042864833087200585,0.0,0.0,True,0,0.3,0.001,0.6,42,,200,0.3,4,3,0.2,304,,600,huber,0.3,,squared_error,0.1,0.0,"{'warm_start': True, 'verbose': 0, 'validation_fraction': 0.3, 'tol': 0.001, 'subsample': 0.6, 'random_state': 42, 'n_iter_no_change': None, 'n_estimators': 200, 'min_weight_fraction_leaf': 0.3, 'min_samples_split': 4, 'min_samples_leaf': 3, 'min_impurity_decrease': 0.2, 'max_leaf_nodes': 304, 'max_features': None, 'max_depth': 600, 'loss': 'huber', 'learning_rate': 0.3, 'init': None, 'criterion': 'squared_error', 'ccp_alpha': 0.1, 'alpha': 0.0}",,,,,,,,,,,,,97
33,1.0612483263015746,0.13471390716159123,0.0015362024307250977,0.0003495124814719628,True,0,0.1,0.001,0.1,42,,1900,0.1,15,17,0.1,52,log2,1400,squared_error,1.0,,squared_error,0.0,0.7,"{'warm_start': True, 'verbose': 0, 'validation_fraction': 0.1, 'tol': 0.001, 'subsample': 0.1, 'random_state': 42, 'n_iter_no_change': None, 'n_estimators': 1900, 'min_weight_fraction_leaf': 0.1, 'min_samples_split': 15, 'min_samples_leaf': 17, 'min_impurity_decrease': 0.1, 'max_leaf_nodes': 52, 'max_features': 'log2', 'max_depth': 1400, 'loss': 'squared_error', 'learning_rate': 1.0, 'init': None, 'criterion': 'squared_error', 'ccp_alpha': 0.0, 'alpha': 0.7}",-0.21592450754610354,-0.2359966859379222,-0.19538658309534063,-0.2728129484200148,-0.25414418580292714,-0.21621258008745275,-0.3165717718591874,-0.2725428786970175,-0.329603952772202,-0.2752394816001865,-0.25844355758183546,0.04149688928471224,22
34,0.20708835124969482,0.03184483940400345,0.0007858037948608399,0.000225678353724285,False,0,0.3,0.0001,0.1,42,,300,0.4,9,2,0.8,346,log2,400,squared_error,0.6,,squared_error,0.8,0.8,"{'warm_start': False, 'verbose': 0, 'validation_fraction': 0.3, 'tol': 0.0001, 'subsample': 0.1, 'random_state': 42, 'n_iter_no_change': None, 'n_estimators': 300, 'min_weight_fraction_leaf': 0.4, 'min_samples_split': 9, 'min_samples_leaf': 2, 'min_impurity_decrease': 0.8, 'max_leaf_nodes': 346, 'max_features': 'log2', 'max_depth': 400, 'loss': 'squared_error', 'learning_rate': 0.6, 'init': None, 'criterion': 'squared_error', 'ccp_alpha': 0.8, 'alpha': 0.8}",-0.2152664738567507,-0.23548621687849633,-0.19898169982116115,-0.2701852902098253,-0.2498136876262059,-0.23590057093639544,-0.28741390334949335,-0.26705107944231127,-0.3195820629330196,-0.26914589426477387,-0.25488268793184327,0.033595492337310975,18
35,0.007736301422119141,0.003795158782467931,0.0006850242614746093,0.0002932298618616415,False,0,0.4,0.1,0.1,42,7,600,0.0,8,13,0.6,220,log2,200,squared_error,0.1,,friedman_mse,0.5,0.4,"{'warm_start': False, 'verbose': 0, 'validation_fraction': 0.4, 'tol': 0.1, 'subsample': 0.1, 'random_state': 42, 'n_iter_no_change': 7, 'n_estimators': 600, 'min_weight_fraction_leaf': 0.0, 'min_samples_split': 8, 'min_samples_leaf': 13, 'min_impurity_decrease': 0.6, 'max_leaf_nodes': 220, 'max_features': 'log2', 'max_depth': 200, 'loss': 'squared_error', 'learning_rate': 0.1, 'init': None, 'criterion': 'friedman_mse', 'ccp_alpha': 0.5, 'alpha': 0.4}",-0.2154264966515498,-0.23257046976978216,-0.20193642059224567,-0.27009565935161883,-0.2493533718508386,-0.24603668028257533,-0.2854823011206099,-0.2682366324053979,-0.30811711480200205,-0.26644766835171607,-0.2543702815178336,0.03045962008168879,14
36,0.38994722366333007,0.02374620627703326,0.0010062694549560548,8.75580797646629e-05,True,0,0.1,0.0001,0.5,42,,700,0.0,8,4,0.3,,sqrt,1200,squared_error,0.2,,squared_error,0.0,0.2,"{'warm_start': True, 'verbose': 0, 'validation_fraction': 0.1, 'tol': 0.0001, 'subsample': 0.5, 'random_state': 42, 'n_iter_no_change': None, 'n_estimators': 700, 'min_weight_fraction_leaf': 0.0, 'min_samples_split': 8, 'min_samples_leaf': 4, 'min_impurity_decrease': 0.3, 'max_leaf_nodes': None, 'max_features': 'sqrt', 'max_depth': 1200, 'loss': 'squared_error', 'learning_rate': 0.2, 'init': None, 'criterion': 'squared_error', 'ccp_alpha': 0.0, 'alpha': 0.2}",-0.21473347183918493,-0.23398006242714348,-0.20022087213417722,-0.2704987336706988,-0.2503309424130381,-0.2333953536421032,-0.28901873976905634,-0.26713596484663676,-0.312608855926887,-0.2686651443877713,-0.2540588141056698,0.032548379292260066,7
37,0.005665278434753418,0.002424578949823447,0.0010924339294433594,0.0017017691622888402,True,0,0.2,0.1,0.6,42,1,800,0.2,13,20,0.7,94,sqrt,600,absolute_error,0.1,,friedman_mse,0.3,0.3,"{'warm_start': True, 'verbose': 0, 'validation_fraction': 0.2, 'tol': 0.1, 'subsample': 0.6, 'random_state': 42, 'n_iter_no_change': 1, 'n_estimators': 800, 'min_weight_fraction_leaf': 0.2, 'min_samples_split': 13, 'min_samples_leaf': 20, 'min_impurity_decrease': 0.7, 'max_leaf_nodes': 94, 'max_features': 'sqrt', 'max_depth': 600, 'loss': 'absolute_error', 'learning_rate': 0.1, 'init': None, 'criterion': 'friedman_mse', 'ccp_alpha': 0.3, 'alpha': 0.3}",-0.23244625652316336,-0.24149691831328207,-0.19485899007659074,-0.29020639162687156,-0.27335550749116033,-0.21117438471130806,-0.3124687360362758,-0.2798524305062272,-0.34756143953225327,-0.2952191180506413,-0.26786401728677733,0.04500634612776646,53
38,0.008453989028930664,0.0025451198220527806,0.0005492448806762695,4.987316065358081e-05,False,0,0.3,0.1,0.4,42,3,2000,0.1,17,3,0.6,178,log2,1200,quantile,0.6,,friedman_mse,0.9,0.4,"{'warm_start': False, 'verbose': 0, 'validation_fraction': 0.3, 'tol': 0.1, 'subsample': 0.4, 'random_state': 42, 'n_iter_no_change': 3, 'n_estimators': 2000, 'min_weight_fraction_leaf': 0.1, 'min_samples_split': 17, 'min_samples_leaf': 3, 'min_impurity_decrease': 0.6, 'max_leaf_nodes': 178, 'max_features': 'log2', 'max_depth': 1200, 'loss': 'quantile', 'learning_rate': 0.6, 'init': None, 'criterion': 'friedman_mse', 'ccp_alpha': 0.9, 'alpha': 0.4}",-0.21817915816687822,-0.23318017783821574,-0.19206313391160923,-0.2757780197651441,-0.25374289034827857,-0.23619556610960948,-0.29027738692660277,-0.2677919669985169,-0.32178153866305126,-0.27554367679023,-0.2564533515518136,0.03584503314612748,21
39,0.01787276268005371,0.00528296994895087,0.0006755590438842773,0.0004347037152060517,False,0,0.2,0.001,0.5,42,7,1800,0.4,11,3,0.8,10,auto,1400,quantile,0.6,,squared_error,0.1,0.9,"{'warm_start': False, 'verbose': 0, 'validation_fraction': 0.2, 'tol': 0.001, 'subsample': 0.5, 'random_state': 42, 'n_iter_no_change': 7, 'n_estimators': 1800, 'min_weight_fraction_leaf': 0.4, 'min_samples_split': 11, 'min_samples_leaf': 3, 'min_impurity_decrease': 0.8, 'max_leaf_nodes': 10, 'max_features': 'auto', 'max_depth': 1400, 'loss': 'quantile', 'learning_rate': 0.6, 'init': None, 'criterion': 'squared_error', 'ccp_alpha': 0.1, 'alpha': 0.9}",-0.31640354928425896,-0.3160194400871441,-0.2725226783970393,-0.37167615867665055,-0.3632204449663646,-0.2598939202799358,-0.4012704888004874,-0.3529884579793723,-0.43617392977122155,-0.38370243246078706,-0.34738715007032617,0.0530857806944876,89
40,0.013100552558898925,0.003858851614367309,0.0008802175521850586,0.0005983211357315088,False,0,0.1,0.001,0.3,42,5,1200,0.0,4,13,0.5,94,,2000,absolute_error,0.2,,squared_error,0.6,0.2,"{'warm_start': False, 'verbose': 0, 'validation_fraction': 0.1, 'tol': 0.001, 'subsample': 0.3, 'random_state': 42, 'n_iter_no_change': 5, 'n_estimators': 1200, 'min_weight_fraction_leaf': 0.0, 'min_samples_split': 4, 'min_samples_leaf': 13, 'min_impurity_decrease': 0.5, 'max_leaf_nodes': 94, 'max_features': None, 'max_depth': 2000, 'loss': 'absolute_error', 'learning_rate': 0.2, 'init': None, 'criterion': 'squared_error', 'ccp_alpha': 0.6, 'alpha': 0.2}",-0.2267801936322195,-0.23868093511595703,-0.19498449650665697,-0.2893619938957784,-0.2713925836981686,-0.21148385142946252,-0.31011090057085633,-0.27721881562359757,-0.3418962479051363,-0.2923935106140862,-0.2654303528991919,0.044045255897041016,41
41,1.2491888046264648,0.14647249884231775,0.0010890722274780273,7.772075974851602e-05,True,0,0.3,0.0001,0.8,42,,600,0.3,16,12,1.0,,sqrt,1400,absolute_error,0.8,,friedman_mse,0.0,0.7,"{'warm_start': True, 'verbose': 0, 'validation_fraction': 0.3, 'tol': 0.0001, 'subsample': 0.8, 'random_state': 42, 'n_iter_no_change': None, 'n_estimators': 600, 'min_weight_fraction_leaf': 0.3, 'min_samples_split': 16, 'min_samples_leaf': 12, 'min_impurity_decrease': 1.0, 'max_leaf_nodes': None, 'max_features': 'sqrt', 'max_depth': 1400, 'loss': 'absolute_error', 'learning_rate': 0.8, 'init': None, 'criterion': 'friedman_mse', 'ccp_alpha': 0.0, 'alpha': 0.7}",-0.2672079168502905,-0.24472930448915628,-0.1922749845104563,-0.23308002976873413,-0.26797427072075225,-0.2037307823033584,-0.25645458952669753,-0.2467275450018387,-0.2563440682976436,-0.23309170996163295,-0.24016152014305603,0.024118087936021305,3
42,0.014331388473510741,0.00422973945887286,0.0006106853485107422,0.00013347063879958154,True,0,0.4,0.0001,0.2,42,5,1000,0.0,16,6,0.3,136,auto,1400,quantile,0.4,,friedman_mse,0.7,0.3,"{'warm_start': True, 'verbose': 0, 'validation_fraction': 0.4, 'tol': 0.0001, 'subsample': 0.2, 'random_state': 42, 'n_iter_no_change': 5, 'n_estimators': 1000, 'min_weight_fraction_leaf': 0.0, 'min_samples_split': 16, 'min_samples_leaf': 6, 'min_impurity_decrease': 0.3, 'max_leaf_nodes': 136, 'max_features': 'auto', 'max_depth': 1400, 'loss': 'quantile', 'learning_rate': 0.4, 'init': None, 'criterion': 'friedman_mse', 'ccp_alpha': 0.7, 'alpha': 0.3}",-0.21564510182113772,-0.23246498651741754,-0.21265524151207518,-0.2716371426321521,-0.25006488912328445,-0.2904059931824516,-0.29868973220969053,-0.29216171213481495,-0.30121884307446656,-0.26915745935207974,-0.26341011015595706,0.03213027969646902,34
43,0.00505073070526123,0.0009606193269217371,0.0009716033935546875,0.0013137727560174903,True,0,0.1,0.1,0.8,42,1,1500,0.4,7,10,0.4,94,log2,1800,quantile,0.9,,squared_error,0.4,0.5,"{'warm_start': True, 'verbose': 0, 'validation_fraction': 0.1, 'tol': 0.1, 'subsample': 0.8, 'random_state': 42, 'n_iter_no_change': 1, 'n_estimators': 1500, 'min_weight_fraction_leaf': 0.4, 'min_samples_split': 7, 'min_samples_leaf': 10, 'min_impurity_decrease': 0.4, 'max_leaf_nodes': 94, 'max_features': 'log2', 'max_depth': 1800, 'loss': 'quantile', 'learning_rate': 0.9, 'init': None, 'criterion': 'squared_error', 'ccp_alpha': 0.4, 'alpha': 0.5}",-0.23024460556337223,-0.23996213942608355,-0.19408170315307974,-0.2894673356135816,-0.27031764821370957,-0.21290736826037832,-0.3089751448167664,-0.2776473265146007,-0.34317004521936845,-0.2931019260400248,-0.2659875242820965,0.04380536190085288,43
44,0.014360904693603516,0.003968391739819842,0.0008765697479248047,0.0007633495659055701,True,0,0.3,0.0001,0.3,42,5,1700,0.1,2,9,0.8,388,,600,absolute_error,0.9,,squared_error,0.1,0.6,"{'warm_start': True, 'verbose': 0, 'validation_fraction': 0.3, 'tol': 0.0001, 'subsample': 0.3, 'random_state': 42, 'n_iter_no_change': 5, 'n_estimators': 1700, 'min_weight_fraction_leaf': 0.1, 'min_samples_split': 2, 'min_samples_leaf': 9, 'min_impurity_decrease': 0.8, 'max_leaf_nodes': 388, 'max_features': None, 'max_depth': 600, 'loss': 'absolute_error', 'learning_rate': 0.9, 'init': None, 'criterion': 'squared_error', 'ccp_alpha': 0.1, 'alpha': 0.6}",-0.22131812774035955,-0.23408933268771265,-0.20310043359114524,-0.30039901938487046,-0.2858717323003564,-0.21276447111014893,-0.3272590282445997,-0.2826529012862317,-0.3518117450570018,-0.2822703190634642,-0.2701537110465891,0.047821699098939394,66
45,0.0173128604888916,0.004310586694015347,0.0007400751113891601,0.0005628245088121931,True,0,0.1,0.01,0.1,42,7,1800,0.0,12,3,0.4,346,auto,1800,quantile,0.1,,squared_error,0.4,0.8,"{'warm_start': True, 'verbose': 0, 'validation_fraction': 0.1, 'tol': 0.01, 'subsample': 0.1, 'random_state': 42, 'n_iter_no_change': 7, 'n_estimators': 1800, 'min_weight_fraction_leaf': 0.0, 'min_samples_split': 12, 'min_samples_leaf': 3, 'min_impurity_decrease': 0.4, 'max_leaf_nodes': 346, 'max_features': 'auto', 'max_depth': 1800, 'loss': 'quantile', 'learning_rate': 0.1, 'init': None, 'criterion': 'squared_error', 'ccp_alpha': 0.4, 'alpha': 0.8}",-0.2891347866643374,-0.2865782339004411,-0.24418458607394922,-0.3484663184057669,-0.3316189139846303,-0.2336675612468281,-0.37016888602826636,-0.32608798772646014,-0.40770147799202067,-0.3577840488532903,-0.319539280087599,0.05280844150352244,80
46,0.014324951171875,0.004808843717983558,0.0007204055786132812,0.00032141475964298985,True,0,0.4,0.0001,0.6,42,5,400,0.5,17,15,0.4,388,auto,800,quantile,0.5,,squared_error,1.0,0.7,"{'warm_start': True, 'verbose': 0, 'validation_fraction': 0.4, 'tol': 0.0001, 'subsample': 0.6, 'random_state': 42, 'n_iter_no_change': 5, 'n_estimators': 400, 'min_weight_fraction_leaf': 0.5, 'min_samples_split': 17, 'min_samples_leaf': 15, 'min_impurity_decrease': 0.4, 'max_leaf_nodes': 388, 'max_features': 'auto', 'max_depth': 800, 'loss': 'quantile', 'learning_rate': 0.5, 'init': None, 'criterion': 'squared_error', 'ccp_alpha': 1.0, 'alpha': 0.7}",-0.2806827087571852,-0.27629006376081766,-0.2341956548536956,-0.3388585517167772,-0.3269934424925629,-0.22827695543686696,-0.3587552707741488,-0.31722635495238677,-0.392501968909863,-0.3470230477746042,-0.3100804019428909,0.0511360187614273,79
47,0.012313437461853028,0.002556053209473361,0.000676727294921875,0.00023997677879495263,False,0,0.5,0.01,0.1,42,3,1700,0.3,18,16,0.5,136,log2,2000,huber,0.9,,friedman_mse,0.9,0.9,"{'warm_start': False, 'verbose': 0, 'validation_fraction': 0.5, 'tol': 0.01, 'subsample': 0.1, 'random_state': 42, 'n_iter_no_change': 3, 'n_estimators': 1700, 'min_weight_fraction_leaf': 0.3, 'min_samples_split': 18, 'min_samples_leaf': 16, 'min_impurity_decrease': 0.5, 'max_leaf_nodes': 136, 'max_features': 'log2', 'max_depth': 2000, 'loss': 'huber', 'learning_rate': 0.9, 'init': None, 'criterion': 'friedman_mse', 'ccp_alpha': 0.9, 'alpha': 0.9}",-0.2157006556769746,-0.23237643175098358,-0.21335175098854484,-0.27188450765468286,-0.24945305887691568,-0.2555067755703689,-0.2872723394952901,-0.27361519002543133,-0.3200708453918032,-0.2691303510119088,-0.25883619064429036,0.03127570986502624,25
48,0.0005013704299926758,7.820772298693279e-05,0.0,0.0,True,0,0.1,0.1,0.2,42,,100,0.4,14,15,0.9,346,sqrt,600,absolute_error,0.2,,squared_error,0.7,0.0,"{'warm_start': True, 'verbose': 0, 'validation_fraction': 0.1, 'tol': 0.1, 'subsample': 0.2, 'random_state': 42, 'n_iter_no_change': None, 'n_estimators': 100, 'min_weight_fraction_leaf': 0.4, 'min_samples_split': 14, 'min_samples_leaf': 15, 'min_impurity_decrease': 0.9, 'max_leaf_nodes': 346, 'max_features': 'sqrt', 'max_depth': 600, 'loss': 'absolute_error', 'learning_rate': 0.2, 'init': None, 'criterion': 'squared_error', 'ccp_alpha': 0.7, 'alpha': 0.0}",,,,,,,,,,,,,100
49,0.005669188499450683,0.0016975436989141775,0.0005546808242797852,2.3833332921839223e-05,False,0,0.5,0.001,0.1,42,1,200,0.2,5,10,0.6,346,sqrt,200,quantile,0.3,,friedman_mse,0.9,0.5,"{'warm_start': False, 'verbose': 0, 'validation_fraction': 0.5, 'tol': 0.001, 'subsample': 0.1, 'random_state': 42, 'n_iter_no_change': 1, 'n_estimators': 200, 'min_weight_fraction_leaf': 0.2, 'min_samples_split': 5, 'min_samples_leaf': 10, 'min_impurity_decrease': 0.6, 'max_leaf_nodes': 346, 'max_features': 'sqrt', 'max_depth': 200, 'loss': 'quantile', 'learning_rate': 0.3, 'init': None, 'criterion': 'friedman_mse', 'ccp_alpha': 0.9, 'alpha': 0.5}",-0.23802176168828237,-0.24056374484945114,-0.20682915993421802,-0.3097985791597843,-0.294903120958465,-0.21312804254407455,-0.3293145107072624,-0.29738356640434904,-0.37114426749277996,-0.31878306561296976,-0.2819869819351637,0.0517294032697829,76
50,0.012104010581970215,0.0008124404651506276,0.000578618049621582,8.648539558410758e-05,False,0,0.4,0.1,0.2,42,5,600,0.2,6,14,0.7,52,log2,2000,huber,0.4,,friedman_mse,0.6,0.9,"{'warm_start': False, 'verbose': 0, 'validation_fraction': 0.4, 'tol': 0.1, 'subsample': 0.2, 'random_state': 42, 'n_iter_no_change': 5, 'n_estimators': 600, 'min_weight_fraction_leaf': 0.2, 'min_samples_split': 6, 'min_samples_leaf': 14, 'min_impurity_decrease': 0.7, 'max_leaf_nodes': 52, 'max_features': 'log2', 'max_depth': 2000, 'loss': 'huber', 'learning_rate': 0.4, 'init': None, 'criterion': 'friedman_mse', 'ccp_alpha': 0.6, 'alpha': 0.9}",-0.21787984521155845,-0.2327961714125154,-0.19598145000063616,-0.27195564427871627,-0.251674415233528,-0.2411594815532245,-0.2867060460943776,-0.2672805975687075,-0.31513776827173146,-0.270936200636845,-0.25515076202618403,0.03297057974080643,19
51,0.008823227882385255,0.0006033480883115678,0.0005653858184814453,4.8868620739369527e-05,False,0,0.5,0.1,0.8,42,5,400,0.0,16,11,0.2,52,log2,1800,absolute_error,0.8,,friedman_mse,0.8,0.4,"{'warm_start': False, 'verbose': 0, 'validation_fraction': 0.5, 'tol': 0.1, 'subsample': 0.8, 'random_state': 42, 'n_iter_no_change': 5, 'n_estimators': 400, 'min_weight_fraction_leaf': 0.0, 'min_samples_split': 16, 'min_samples_leaf': 11, 'min_impurity_decrease': 0.2, 'max_leaf_nodes': 52, 'max_features': 'log2', 'max_depth': 1800, 'loss': 'absolute_error', 'learning_rate': 0.8, 'init': None, 'criterion': 'friedman_mse', 'ccp_alpha': 0.8, 'alpha': 0.4}",-0.232915363627393,-0.24025233626876952,-0.1985349262033166,-0.3006580383168498,-0.2878393354655056,-0.21093709131619906,-0.3238049323385537,-0.28959988494118505,-0.35754545674555044,-0.2969642534372152,-0.2739051618660538,0.0486126899198925,70
52,0.009471607208251954,0.0023345266788825344,0.0009394407272338868,0.0008618688123808802,True,0,0.2,0.0001,0.8,42,7,1700,0.5,2,2,0.2,304,auto,,squared_error,0.8,,squared_error,0.5,0.6,"{'warm_start': True, 'verbose': 0, 'validation_fraction': 0.2, 'tol': 0.0001, 'subsample': 0.8, 'random_state': 42, 'n_iter_no_change': 7, 'n_estimators': 1700, 'min_weight_fraction_leaf': 0.5, 'min_samples_split': 2, 'min_samples_leaf': 2, 'min_impurity_decrease': 0.2, 'max_leaf_nodes': 304, 'max_features': 'auto', 'max_depth': None, 'loss': 'squared_error', 'learning_rate': 0.8, 'init': None, 'criterion': 'squared_error', 'ccp_alpha': 0.5, 'alpha': 0.6}",-0.2149135131473463,-0.23276911007353682,-0.20326202052609627,-0.27063628534690287,-0.2513090939825158,-0.23453037597978402,-0.2871481170036657,-0.267015590060777,-0.3159090015762409,-0.26965527100507725,-0.25471483787019433,0.03249126840798202,16
53,0.006606531143188476,0.003429418917951304,0.0005623102188110352,5.973898530348663e-05,True,0,0.4,0.1,0.6,42,1,100,0.4,15,4,0.2,262,sqrt,1800,quantile,0.8,,squared_error,1.0,0.9,"{'warm_start': True, 'verbose': 0, 'validation_fraction': 0.4, 'tol': 0.1, 'subsample': 0.6, 'random_state': 42, 'n_iter_no_change': 1, 'n_estimators': 100, 'min_weight_fraction_leaf': 0.4, 'min_samples_split': 15, 'min_samples_leaf': 4, 'min_impurity_decrease': 0.2, 'max_leaf_nodes': 262, 'max_features': 'sqrt', 'max_depth': 1800, 'loss': 'quantile', 'learning_rate': 0.8, 'init': None, 'criterion': 'squared_error', 'ccp_alpha': 1.0, 'alpha': 0.9}",-0.3121451123319022,-0.3110710523758374,-0.2660269994189538,-0.36956901987564655,-0.35865224063612094,-0.2565284820625579,-0.3951771022017025,-0.3501210101747943,-0.4320199130957923,-0.382883751969868,-0.3434194684143176,0.05348944878916102,85
54,0.01582934856414795,0.003168553144205296,0.0007177114486694336,0.00016780353019953627,True,0,0.2,0.01,0.8,42,7,1700,0.4,17,15,0.7,94,log2,1400,absolute_error,0.9,,friedman_mse,0.0,0.4,"{'warm_start': True, 'verbose': 0, 'validation_fraction': 0.2, 'tol': 0.01, 'subsample': 0.8, 'random_state': 42, 'n_iter_no_change': 7, 'n_estimators': 1700, 'min_weight_fraction_leaf': 0.4, 'min_samples_split': 17, 'min_samples_leaf': 15, 'min_impurity_decrease': 0.7, 'max_leaf_nodes': 94, 'max_features': 'log2', 'max_depth': 1400, 'loss': 'absolute_error', 'learning_rate': 0.9, 'init': None, 'criterion': 'friedman_mse', 'ccp_alpha': 0.0, 'alpha': 0.4}",-0.2306890376241369,-0.2196538370981378,-0.19858276881588818,-0.23876069725652582,-0.23533533490310576,-0.21990055529989933,-0.2526382472478032,-0.2446240581737498,-0.2933377828010549,-0.2514900190707126,-0.23850123382910143,0.024039371607175924,2
55,0.0032634973526000977,0.006242702134434449,0.0,0.0,False,0,0.5,0.0001,0.2,42,5,1200,0.1,11,5,1.0,136,log2,1400,absolute_error,0.8,,squared_error,0.5,0.0,"{'warm_start': False, 'verbose': 0, 'validation_fraction': 0.5, 'tol': 0.0001, 'subsample': 0.2, 'random_state': 42, 'n_iter_no_change': 5, 'n_estimators': 1200, 'min_weight_fraction_leaf': 0.1, 'min_samples_split': 11, 'min_samples_leaf': 5, 'min_impurity_decrease': 1.0, 'max_leaf_nodes': 136, 'max_features': 'log2', 'max_depth': 1400, 'loss': 'absolute_error', 'learning_rate': 0.8, 'init': None, 'criterion': 'squared_error', 'ccp_alpha': 0.5, 'alpha': 0.0}",,,,,,,,,,,,,99
56,0.01412198543548584,0.0030246647242657,0.0006563425064086914,0.00025453533224931016,False,0,0.1,0.1,0.5,42,5,500,0.1,17,5,0.3,262,sqrt,,absolute_error,0.6,,squared_error,0.7,0.3,"{'warm_start': False, 'verbose': 0, 'validation_fraction': 0.1, 'tol': 0.1, 'subsample': 0.5, 'random_state': 42, 'n_iter_no_change': 5, 'n_estimators': 500, 'min_weight_fraction_leaf': 0.1, 'min_samples_split': 17, 'min_samples_leaf': 5, 'min_impurity_decrease': 0.3, 'max_leaf_nodes': 262, 'max_features': 'sqrt', 'max_depth': None, 'loss': 'absolute_error', 'learning_rate': 0.6, 'init': None, 'criterion': 'squared_error', 'ccp_alpha': 0.7, 'alpha': 0.3}",-0.22964146862365087,-0.23756224895497816,-0.19426080853667912,-0.2883929457352107,-0.27257212398137903,-0.21233753989132037,-0.3076638684026328,-0.274612495172551,-0.33632887550061447,-0.28740701495120735,-0.2640779389750224,0.04228353979178049,37
57,0.006830835342407226,0.0014153991921249706,0.001015949249267578,0.0013241939196716463,False,0,0.3,0.01,0.1,42,5,1500,0.4,11,10,0.0,262,sqrt,,squared_error,0.7,,squared_error,0.4,0.5,"{'warm_start': False, 'verbose': 0, 'validation_fraction': 0.3, 'tol': 0.01, 'subsample': 0.1, 'random_state': 42, 'n_iter_no_change': 5, 'n_estimators': 1500, 'min_weight_fraction_leaf': 0.4, 'min_samples_split': 11, 'min_samples_leaf': 10, 'min_impurity_decrease': 0.0, 'max_leaf_nodes': 262, 'max_features': 'sqrt', 'max_depth': None, 'loss': 'squared_error', 'learning_rate': 0.7, 'init': None, 'criterion': 'squared_error', 'ccp_alpha': 0.4, 'alpha': 0.5}",-0.21703512540094116,-0.2327009405603044,-0.19494859671885695,-0.2718539153154921,-0.25109160294866345,-0.22368436452814444,-0.3069913671501037,-0.26843826450837427,-0.3260554500324704,-0.26761095463656226,-0.25604105817999134,0.03860766010934307,20
58,2.7370975017547607,0.8960424666916371,0.0012894868850708008,0.00045358874010698047,True,0,0.4,0.001,0.1,42,,1900,0.4,14,2,0.3,262,auto,1200,huber,1.0,,friedman_mse,0.7,0.2,"{'warm_start': True, 'verbose': 0, 'validation_fraction': 0.4, 'tol': 0.001, 'subsample': 0.1, 'random_state': 42, 'n_iter_no_change': None, 'n_estimators': 1900, 'min_weight_fraction_leaf': 0.4, 'min_samples_split': 14, 'min_samples_leaf': 2, 'min_impurity_decrease': 0.3, 'max_leaf_nodes': 262, 'max_features': 'auto', 'max_depth': 1200, 'loss': 'huber', 'learning_rate': 1.0, 'init': None, 'criterion': 'friedman_mse', 'ccp_alpha': 0.7, 'alpha': 0.2}",-0.22035835216898503,-0.2360076980984624,-0.1949948450085776,-0.29011320879646635,-0.2734091800994809,-0.21154827673086157,-0.35227340454472394,-0.29287224591706523,-0.3626717832236721,-0.3097044835036881,-0.2743953478091984,0.0550832805981871,71
59,0.009379768371582031,0.004604261124265301,0.0005203008651733399,0.0001084584460100211,True,0,0.1,0.01,1.0,42,3,300,0.5,8,10,0.6,,,1400,quantile,0.4,,friedman_mse,0.4,0.1,"{'warm_start': True, 'verbose': 0, 'validation_fraction': 0.1, 'tol': 0.01, 'subsample': 1.0, 'random_state': 42, 'n_iter_no_change': 3, 'n_estimators': 300, 'min_weight_fraction_leaf': 0.5, 'min_samples_split': 8, 'min_samples_leaf': 10, 'min_impurity_decrease': 0.6, 'max_leaf_nodes': None, 'max_features': None, 'max_depth': 1400, 'loss': 'quantile', 'learning_rate': 0.4, 'init': None, 'criterion': 'friedman_mse', 'ccp_alpha': 0.4, 'alpha': 0.1}",-0.47997763309444214,-0.5084628820912264,-0.5411451991709536,-0.483867338057988,-0.47273197666722,-0.5704898676016699,-0.4827772318885834,-0.5109096812841917,-0.4419798170459179,-0.4630575602580141,-0.4955399187160207,0.03617441001257949,92
60,0.020531272888183592,0.007962326713717972,0.0005787372589111328,5.2120962537446085e-05,True,0,0.4,0.0001,0.6,42,3,600,0.3,10,11,1.0,136,auto,400,huber,0.6,,friedman_mse,0.6,0.2,"{'warm_start': True, 'verbose': 0, 'validation_fraction': 0.4, 'tol': 0.0001, 'subsample': 0.6, 'random_state': 42, 'n_iter_no_change': 3, 'n_estimators': 600, 'min_weight_fraction_leaf': 0.3, 'min_samples_split': 10, 'min_samples_leaf': 11, 'min_impurity_decrease': 1.0, 'max_leaf_nodes': 136, 'max_features': 'auto', 'max_depth': 400, 'loss': 'huber', 'learning_rate': 0.6, 'init': None, 'criterion': 'friedman_mse', 'ccp_alpha': 0.6, 'alpha': 0.2}",-0.23562915650263525,-0.24378730769434154,-0.1973243752414643,-0.2942269691781517,-0.28504929831613685,-0.21268678578014133,-0.31218659849962277,-0.27841385938698865,-0.34145259464603633,-0.29657295896224395,-0.26973299042077625,0.043485426415653165,65
61,0.006450223922729492,0.003279890645821229,0.0016322851181030274,0.0027000093891080944,True,0,0.2,0.1,0.1,42,1,1800,0.5,13,12,0.8,136,,1800,absolute_error,0.2,,squared_error,0.7,0.5,"{'warm_start': True, 'verbose': 0, 'validation_fraction': 0.2, 'tol': 0.1, 'subsample': 0.1, 'random_state': 42, 'n_iter_no_change': 1, 'n_estimators': 1800, 'min_weight_fraction_leaf': 0.5, 'min_samples_split': 13, 'min_samples_leaf': 12, 'min_impurity_decrease': 0.8, 'max_leaf_nodes': 136, 'max_features': None, 'max_depth': 1800, 'loss': 'absolute_error', 'learning_rate': 0.2, 'init': None, 'criterion': 'squared_error', 'ccp_alpha': 0.7, 'alpha': 0.5}",-0.2337232005306078,-0.24335566226783636,-0.19247003961027814,-0.28391556780876553,-0.27104215846062,-0.21390934719719396,-0.29958232238125343,-0.276188000969803,-0.3349253611416084,-0.28643600501215005,-0.2635547665380117,0.04044892052243831,35
62,0.004457283020019531,0.0033994478223829385,0.0005141019821166993,4.0531586195988637e-05,False,0,0.4,0.01,0.2,42,1,400,0.1,18,3,0.2,178,log2,200,squared_error,0.3,,squared_error,0.3,0.9,"{'warm_start': False, 'verbose': 0, 'validation_fraction': 0.4, 'tol': 0.01, 'subsample': 0.2, 'random_state': 42, 'n_iter_no_change': 1, 'n_estimators': 400, 'min_weight_fraction_leaf': 0.1, 'min_samples_split': 18, 'min_samples_leaf': 3, 'min_impurity_decrease': 0.2, 'max_leaf_nodes': 178, 'max_features': 'log2', 'max_depth': 200, 'loss': 'squared_error', 'learning_rate': 0.3, 'init': None, 'criterion': 'squared_error', 'ccp_alpha': 0.3, 'alpha': 0.9}",-0.21486505539143536,-0.2332353497058374,-0.20497725705522238,-0.2700580972896486,-0.24919083962644603,-0.24370160457505669,-0.2858859699052865,-0.2681051385103838,-0.3102821613776958,-0.2666449976474533,-0.25469464710844664,0.03048182031239148,15
63,0.02090156078338623,0.004050298476295485,0.0008458614349365235,0.00047308570012242487,True,0,0.3,0.1,0.1,42,7,500,0.0,17,5,0.3,388,auto,1800,huber,0.4,,friedman_mse,0.9,0.7,"{'warm_start': True, 'verbose': 0, 'validation_fraction': 0.3, 'tol': 0.1, 'subsample': 0.1, 'random_state': 42, 'n_iter_no_change': 7, 'n_estimators': 500, 'min_weight_fraction_leaf': 0.0, 'min_samples_split': 17, 'min_samples_leaf': 5, 'min_impurity_decrease': 0.3, 'max_leaf_nodes': 388, 'max_features': 'auto', 'max_depth': 1800, 'loss': 'huber', 'learning_rate': 0.4, 'init': None, 'criterion': 'friedman_mse', 'ccp_alpha': 0.9, 'alpha': 0.7}",-0.22650205899140347,-0.23912542622865984,-0.19644627225172984,-0.29181006861880626,-0.2786373866011134,-0.21130989068793363,-0.31332917242502933,-0.2785370077330348,-0.34898498668553934,-0.29602265119550053,-0.268070492141875,0.045912032943462674,54
64,0.028554654121398924,0.007734723653780079,0.000590658187866211,7.630170842252354e-05,True,0,0.4,0.0001,0.1,42,7,900,0.3,8,10,0.7,304,log2,200,huber,1.0,,squared_error,0.0,0.8,"{'warm_start': True, 'verbose': 0, 'validation_fraction': 0.4, 'tol': 0.0001, 'subsample': 0.1, 'random_state': 42, 'n_iter_no_change': 7, 'n_estimators': 900, 'min_weight_fraction_leaf': 0.3, 'min_samples_split': 8, 'min_samples_leaf': 10, 'min_impurity_decrease': 0.7, 'max_leaf_nodes': 304, 'max_features': 'log2', 'max_depth': 200, 'loss': 'huber', 'learning_rate': 1.0, 'init': None, 'criterion': 'squared_error', 'ccp_alpha': 0.0, 'alpha': 0.8}",-0.24140404858309986,-0.2825315890823207,-0.2741847640109511,-0.2750349250774208,-0.2907129467131969,-0.21105982740662738,-0.28616494720012664,-0.27664706067749,-0.3417146430037511,-0.30243594274083035,-0.2781890694495815,0.03278805078284321,75
65,0.001082777976989746,0.00022823583439790895,0.0,0.0,False,0,0.4,0.01,0.3,42,5,300,0.4,7,9,0.1,262,,400,squared_error,0.8,,friedman_mse,0.7,0.0,"{'warm_start': False, 'verbose': 0, 'validation_fraction': 0.4, 'tol': 0.01, 'subsample': 0.3, 'random_state': 42, 'n_iter_no_change': 5, 'n_estimators': 300, 'min_weight_fraction_leaf': 0.4, 'min_samples_split': 7, 'min_samples_leaf': 9, 'min_impurity_decrease': 0.1, 'max_leaf_nodes': 262, 'max_features': None, 'max_depth': 400, 'loss': 'squared_error', 'learning_rate': 0.8, 'init': None, 'criterion': 'friedman_mse', 'ccp_alpha': 0.7, 'alpha': 0.0}",,,,,,,,,,,,,95
66,0.7985314846038818,0.046226362708091724,0.0017876625061035156,0.002532104620000711,True,0,0.1,0.001,0.4,42,,600,0.5,20,12,0.4,304,log2,2000,quantile,0.7,,squared_error,0.1,0.3,"{'warm_start': True, 'verbose': 0, 'validation_fraction': 0.1, 'tol': 0.001, 'subsample': 0.4, 'random_state': 42, 'n_iter_no_change': None, 'n_estimators': 600, 'min_weight_fraction_leaf': 0.5, 'min_samples_split': 20, 'min_samples_leaf': 12, 'min_impurity_decrease': 0.4, 'max_leaf_nodes': 304, 'max_features': 'log2', 'max_depth': 2000, 'loss': 'quantile', 'learning_rate': 0.7, 'init': None, 'criterion': 'squared_error', 'ccp_alpha': 0.1, 'alpha': 0.3}",-0.2263298604787724,-0.2664853491626887,-0.23304014818448401,-0.27335579372303226,-0.2589149727997931,-0.28391123152297887,-0.28606380140383436,-0.27708412599098925,-0.30116438002013474,-0.2649325814904884,-0.26712822447771967,0.02199041374564757,46
67,0.006481981277465821,0.0027600950424964635,0.00116422176361084,0.0017404752477101725,False,0,0.4,0.001,0.6,42,3,1500,0.4,11,7,0.2,10,log2,600,squared_error,0.9,,friedman_mse,0.0,0.4,"{'warm_start': False, 'verbose': 0, 'validation_fraction': 0.4, 'tol': 0.001, 'subsample': 0.6, 'random_state': 42, 'n_iter_no_change': 3, 'n_estimators': 1500, 'min_weight_fraction_leaf': 0.4, 'min_samples_split': 11, 'min_samples_leaf': 7, 'min_impurity_decrease': 0.2, 'max_leaf_nodes': 10, 'max_features': 'log2', 'max_depth': 600, 'loss': 'squared_error', 'learning_rate': 0.9, 'init': None, 'criterion': 'friedman_mse', 'ccp_alpha': 0.0, 'alpha': 0.4}",-0.25403057579234173,-0.2152075030780848,-0.1978566404697281,-0.24770961330693828,-0.23987441177096597,-0.22497481146082168,-0.23877497013645382,-0.22960669537268874,-0.2851759529934357,-0.23145398808745504,-0.23646651624689138,0.022296558853221148,1
68,0.012348461151123046,0.0033234233395704645,0.0006986856460571289,0.0001813095543803915,False,0,0.4,0.01,0.6,42,5,1900,0.2,7,2,0.4,52,auto,200,absolute_error,0.8,,friedman_mse,0.6,0.9,"{'warm_start': False, 'verbose': 0, 'validation_fraction': 0.4, 'tol': 0.01, 'subsample': 0.6, 'random_state': 42, 'n_iter_no_change': 5, 'n_estimators': 1900, 'min_weight_fraction_leaf': 0.2, 'min_samples_split': 7, 'min_samples_leaf': 2, 'min_impurity_decrease': 0.4, 'max_leaf_nodes': 52, 'max_features': 'auto', 'max_depth': 200, 'loss': 'absolute_error', 'learning_rate': 0.8, 'init': None, 'criterion': 'friedman_mse', 'ccp_alpha': 0.6, 'alpha': 0.9}",-0.2255859235595484,-0.23939023349241323,-0.19770909049697155,-0.29151260908352217,-0.273850725716738,-0.21296683830495042,-0.3065291347543375,-0.27371004923068776,-0.3365712253966953,-0.2919793528465771,-0.26498051828824415,0.04228114916432863,40
69,0.00830855369567871,0.0039715964121837845,0.000727701187133789,0.0005109125330684467,False,0,0.3,0.001,0.2,42,5,1600,0.4,19,18,0.0,388,log2,1800,squared_error,0.1,,squared_error,0.6,0.8,"{'warm_start': False, 'verbose': 0, 'validation_fraction': 0.3, 'tol': 0.001, 'subsample': 0.2, 'random_state': 42, 'n_iter_no_change': 5, 'n_estimators': 1600, 'min_weight_fraction_leaf': 0.4, 'min_samples_split': 19, 'min_samples_leaf': 18, 'min_impurity_decrease': 0.0, 'max_leaf_nodes': 388, 'max_features': 'log2', 'max_depth': 1800, 'loss': 'squared_error', 'learning_rate': 0.1, 'init': None, 'criterion': 'squared_error', 'ccp_alpha': 0.6, 'alpha': 0.8}",-0.21474191307864526,-0.23438937539538435,-0.20009227264179133,-0.2705468047334679,-0.24969645948578084,-0.23785822531767215,-0.2867017631463756,-0.2674073603756361,-0.31235467974562375,-0.2673570161835398,-0.2541145870103917,0.03196466956752536,11
70,0.005808210372924805,0.002454172814898231,0.0007123470306396485,0.00029945993872613477,False,0,0.2,0.1,0.1,42,1,900,0.1,16,20,0.0,136,sqrt,600,quantile,0.8,,squared_error,0.9,0.9,"{'warm_start': False, 'verbose': 0, 'validation_fraction': 0.2, 'tol': 0.1, 'subsample': 0.1, 'random_state': 42, 'n_iter_no_change': 1, 'n_estimators': 900, 'min_weight_fraction_leaf': 0.1, 'min_samples_split': 16, 'min_samples_leaf': 20, 'min_impurity_decrease': 0.0, 'max_leaf_nodes': 136, 'max_features': 'sqrt', 'max_depth': 600, 'loss': 'quantile', 'learning_rate': 0.8, 'init': None, 'criterion': 'squared_error', 'ccp_alpha': 0.9, 'alpha': 0.9}",-0.3269255260086107,-0.3323527953059741,-0.28165279620914024,-0.3830376705081106,-0.37198099959051234,-0.263511205350328,-0.4082771494973327,-0.3639530237784767,-0.44596336763253375,-0.3949946231324432,-0.3572649157013462,0.0537278011162779,90
71,0.011089420318603516,0.002355827092243385,0.0005595922470092773,4.038383552497276e-05,False,0,0.4,0.01,0.3,42,5,1300,0.0,16,8,0.1,136,auto,1200,quantile,0.7,,squared_error,0.3,0.1,"{'warm_start': False, 'verbose': 0, 'validation_fraction': 0.4, 'tol': 0.01, 'subsample': 0.3, 'random_state': 42, 'n_iter_no_change': 5, 'n_estimators': 1300, 'min_weight_fraction_leaf': 0.0, 'min_samples_split': 16, 'min_samples_leaf': 8, 'min_impurity_decrease': 0.1, 'max_leaf_nodes': 136, 'max_features': 'auto', 'max_depth': 1200, 'loss': 'quantile', 'learning_rate': 0.7, 'init': None, 'criterion': 'squared_error', 'ccp_alpha': 0.3, 'alpha': 0.1}",-0.443350784801704,-0.47336341338685567,-0.592037667353426,-0.5505511039548132,-0.526124351799599,-0.6143539298188663,-0.5084101069150193,-0.5009361174800395,-0.4391769571032284,-0.4553497122223159,-0.5103654144835867,0.057788034626387444,93
72,0.8619426488876343,0.22245078254904146,0.001371908187866211,0.001577181894086875,False,0,0.2,0.1,0.2,42,,800,0.3,16,14,0.6,262,log2,2000,absolute_error,0.8,,squared_error,0.0,0.4,"{'warm_start': False, 'verbose': 0, 'validation_fraction': 0.2, 'tol': 0.1, 'subsample': 0.2, 'random_state': 42, 'n_iter_no_change': None, 'n_estimators': 800, 'min_weight_fraction_leaf': 0.3, 'min_samples_split': 16, 'min_samples_leaf': 14, 'min_impurity_decrease': 0.6, 'max_leaf_nodes': 262, 'max_features': 'log2', 'max_depth': 2000, 'loss': 'absolute_error', 'learning_rate': 0.8, 'init': None, 'criterion': 'squared_error', 'ccp_alpha': 0.0, 'alpha': 0.4}",-0.23611695154050955,-0.243007652966502,-0.19429727314120968,-0.2840961093692962,-0.2725598211761335,-0.2126868717011076,-0.3074089152925,-0.27932347566256455,-0.34906434077557064,-0.29684828483374964,-0.26754096964591434,0.044153691243326715,52
73,0.015393257141113281,0.004758158416635451,0.0013480424880981446,0.001732578862374338,False,0,0.4,0.001,0.2,42,5,1300,0.2,12,18,0.2,262,sqrt,800,absolute_error,0.6,,friedman_mse,0.6,0.9,"{'warm_start': False, 'verbose': 0, 'validation_fraction': 0.4, 'tol': 0.001, 'subsample': 0.2, 'random_state': 42, 'n_iter_no_change': 5, 'n_estimators': 1300, 'min_weight_fraction_leaf': 0.2, 'min_samples_split': 12, 'min_samples_leaf': 18, 'min_impurity_decrease': 0.2, 'max_leaf_nodes': 262, 'max_features': 'sqrt', 'max_depth': 800, 'loss': 'absolute_error', 'learning_rate': 0.6, 'init': None, 'criterion': 'friedman_mse', 'ccp_alpha': 0.6, 'alpha': 0.9}",-0.24319037709203678,-0.25013655589109174,-0.19478320397167234,-0.2934955508257928,-0.27120356499870973,-0.2236480338175321,-0.297514461487311,-0.2921211322624092,-0.36618341423691403,-0.27904681001903703,-0.27113231046025066,0.044765539986590434,68
74,0.010061311721801757,0.0028502490133006475,0.0006985902786254883,0.00031090875051329673,False,0,0.3,0.01,1.0,42,3,2000,0.1,15,17,0.6,178,auto,1600,absolute_error,0.1,,squared_error,0.2,0.6,"{'warm_start': False, 'verbose': 0, 'validation_fraction': 0.3, 'tol': 0.01, 'subsample': 1.0, 'random_state': 42, 'n_iter_no_change': 3, 'n_estimators': 2000, 'min_weight_fraction_leaf': 0.1, 'min_samples_split': 15, 'min_samples_leaf': 17, 'min_impurity_decrease': 0.6, 'max_leaf_nodes': 178, 'max_features': 'auto', 'max_depth': 1600, 'loss': 'absolute_error', 'learning_rate': 0.1, 'init': None, 'criterion': 'squared_error', 'ccp_alpha': 0.2, 'alpha': 0.6}",-0.23335148400145936,-0.24247558801883012,-0.1965028916112523,-0.2942791908601189,-0.27680085508345686,-0.21110708164632297,-0.3136198995028442,-0.280404442444218,-0.34751008401255223,-0.29542712170387964,-0.2691478638884935,0.04501630463474058,63
75,0.008691835403442382,0.00424915900556544,0.0008437156677246094,0.0006027121973118399,True,0,0.4,0.01,0.1,42,1,2000,0.4,11,11,0.4,136,auto,600,huber,0.1,,friedman_mse,0.2,0.3,"{'warm_start': True, 'verbose': 0, 'validation_fraction': 0.4, 'tol': 0.01, 'subsample': 0.1, 'random_state': 42, 'n_iter_no_change': 1, 'n_estimators': 2000, 'min_weight_fraction_leaf': 0.4, 'min_samples_split': 11, 'min_samples_leaf': 11, 'min_impurity_decrease': 0.4, 'max_leaf_nodes': 136, 'max_features': 'auto', 'max_depth': 600, 'loss': 'huber', 'learning_rate': 0.1, 'init': None, 'criterion': 'friedman_mse', 'ccp_alpha': 0.2, 'alpha': 0.3}",-0.23191792195836888,-0.24054813399004216,-0.19249909845898897,-0.2847966363083857,-0.26689998625190825,-0.21820526301853949,-0.30271041326139786,-0.2726444095042484,-0.3351682198773655,-0.29023590358944495,-0.26356259862186904,0.040686906343144945,36
76,0.015123486518859863,0.003567843594171114,0.0012831687927246094,0.0021823699511903227,True,0,0.5,0.1,0.3,42,3,800,0.1,19,16,1.0,94,auto,800,huber,0.4,,friedman_mse,1.0,0.7,"{'warm_start': True, 'verbose': 0, 'validation_fraction': 0.5, 'tol': 0.1, 'subsample': 0.3, 'random_state': 42, 'n_iter_no_change': 3, 'n_estimators': 800, 'min_weight_fraction_leaf': 0.1, 'min_samples_split': 19, 'min_samples_leaf': 16, 'min_impurity_decrease': 1.0, 'max_leaf_nodes': 94, 'max_features': 'auto', 'max_depth': 800, 'loss': 'huber', 'learning_rate': 0.4, 'init': None, 'criterion': 'friedman_mse', 'ccp_alpha': 1.0, 'alpha': 0.7}",-0.2290578440244378,-0.23639368670767866,-0.19269589614421248,-0.28291090221332044,-0.264850773381379,-0.21503545149180034,-0.30507186243818324,-0.277085269153609,-0.3404412552927077,-0.2894178026328988,-0.2632960743480227,0.04262124859047368,33
77,0.0010835886001586913,0.0001916367383141495,0.0,0.0,True,0,0.2,0.01,0.2,42,7,1500,0.2,14,17,0.0,220,auto,,squared_error,0.4,,squared_error,0.0,0.0,"{'warm_start': True, 'verbose': 0, 'validation_fraction': 0.2, 'tol': 0.01, 'subsample': 0.2, 'random_state': 42, 'n_iter_no_change': 7, 'n_estimators': 1500, 'min_weight_fraction_leaf': 0.2, 'min_samples_split': 14, 'min_samples_leaf': 17, 'min_impurity_decrease': 0.0, 'max_leaf_nodes': 220, 'max_features': 'auto', 'max_depth': None, 'loss': 'squared_error', 'learning_rate': 0.4, 'init': None, 'criterion': 'squared_error', 'ccp_alpha': 0.0, 'alpha': 0.0}",,,,,,,,,,,,,98
78,1.1664227724075318,0.2743089454088985,0.0015442609786987306,0.0001801703647100645,True,0,0.3,0.001,0.7,42,,1800,0.1,7,14,0.9,304,auto,200,squared_error,0.8,,squared_error,0.3,0.2,"{'warm_start': True, 'verbose': 0, 'validation_fraction': 0.3, 'tol': 0.001, 'subsample': 0.7, 'random_state': 42, 'n_iter_no_change': None, 'n_estimators': 1800, 'min_weight_fraction_leaf': 0.1, 'min_samples_split': 7, 'min_samples_leaf': 14, 'min_impurity_decrease': 0.9, 'max_leaf_nodes': 304, 'max_features': 'auto', 'max_depth': 200, 'loss': 'squared_error', 'learning_rate': 0.8, 'init': None, 'criterion': 'squared_error', 'ccp_alpha': 0.3, 'alpha': 0.2}",-0.21580249865449175,-0.23657020744562704,-0.2003220303852305,-0.270623400012582,-0.250194962456762,-0.23421393605444524,-0.2874749172734321,-0.26733853572101945,-0.30901266832386426,-0.2657710960748241,-0.2537324252402278,0.031287694550208786,5
79,0.7427337408065796,0.1646732551944632,0.0007089853286743164,0.0002522693465812847,False,0,0.1,0.1,0.3,42,,800,0.1,3,4,0.1,346,auto,800,absolute_error,0.8,,squared_error,0.9,0.4,"{'warm_start': False, 'verbose': 0, 'validation_fraction': 0.1, 'tol': 0.1, 'subsample': 0.3, 'random_state': 42, 'n_iter_no_change': None, 'n_estimators': 800, 'min_weight_fraction_leaf': 0.1, 'min_samples_split': 3, 'min_samples_leaf': 4, 'min_impurity_decrease': 0.1, 'max_leaf_nodes': 346, 'max_features': 'auto', 'max_depth': 800, 'loss': 'absolute_error', 'learning_rate': 0.8, 'init': None, 'criterion': 'squared_error', 'ccp_alpha': 0.9, 'alpha': 0.4}",-0.2346638254056559,-0.2421951389681102,-0.19486601196113731,-0.2872753567552712,-0.2724031990007346,-0.21155339231438,-0.31175515792385794,-0.27787211878378343,-0.3445411356187284,-0.2960147080699259,-0.26731400448015846,0.04399267511798276,49
80,0.014199519157409668,0.0034810910528758764,0.0005807638168334961,2.6037983267921397e-05,False,0,0.1,0.001,0.5,42,7,800,0.2,2,3,0.8,,,600,quantile,0.4,,friedman_mse,0.4,0.9,"{'warm_start': False, 'verbose': 0, 'validation_fraction': 0.1, 'tol': 0.001, 'subsample': 0.5, 'random_state': 42, 'n_iter_no_change': 7, 'n_estimators': 800, 'min_weight_fraction_leaf': 0.2, 'min_samples_split': 2, 'min_samples_leaf': 3, 'min_impurity_decrease': 0.8, 'max_leaf_nodes': None, 'max_features': None, 'max_depth': 600, 'loss': 'quantile', 'learning_rate': 0.4, 'init': None, 'criterion': 'friedman_mse', 'ccp_alpha': 0.4, 'alpha': 0.9}",-0.31931068253345846,-0.3161562665451216,-0.2719274801989836,-0.3716263893933613,-0.35991397515343426,-0.2569717539252549,-0.39657241185670705,-0.35024265894756595,-0.43434962186882925,-0.38443054122523007,-0.34615017816479465,0.05265353840384399,88
81,0.007291674613952637,0.003813049191735887,0.0009170055389404296,0.0012169061632567998,True,0,0.3,0.001,0.1,42,5,1600,0.1,10,9,0.1,,auto,1600,squared_error,0.4,,squared_error,0.3,0.6,"{'warm_start': True, 'verbose': 0, 'validation_fraction': 0.3, 'tol': 0.001, 'subsample': 0.1, 'random_state': 42, 'n_iter_no_change': 5, 'n_estimators': 1600, 'min_weight_fraction_leaf': 0.1, 'min_samples_split': 10, 'min_samples_leaf': 9, 'min_impurity_decrease': 0.1, 'max_leaf_nodes': None, 'max_features': 'auto', 'max_depth': 1600, 'loss': 'squared_error', 'learning_rate': 0.4, 'init': None, 'criterion': 'squared_error', 'ccp_alpha': 0.3, 'alpha': 0.6}",-0.21570166164496354,-0.23244960633487605,-0.19948734302802382,-0.2706464261360638,-0.25533116212876306,-0.22167974298097037,-0.28915853432254546,-0.2686307912065587,-0.31693471352640734,-0.26690995041260346,-0.25369299317217753,0.03435545300085373,4
82,0.013300085067749023,0.0018220437567916623,0.000585484504699707,5.719005750637473e-05,False,0,0.1,0.001,0.4,42,5,2000,0.3,4,16,0.9,,sqrt,400,huber,0.4,,friedman_mse,1.0,0.2,"{'warm_start': False, 'verbose': 0, 'validation_fraction': 0.1, 'tol': 0.001, 'subsample': 0.4, 'random_state': 42, 'n_iter_no_change': 5, 'n_estimators': 2000, 'min_weight_fraction_leaf': 0.3, 'min_samples_split': 4, 'min_samples_leaf': 16, 'min_impurity_decrease': 0.9, 'max_leaf_nodes': None, 'max_features': 'sqrt', 'max_depth': 400, 'loss': 'huber', 'learning_rate': 0.4, 'init': None, 'criterion': 'friedman_mse', 'ccp_alpha': 1.0, 'alpha': 0.2}",-0.2261726589708104,-0.2404744280381689,-0.19422120962722514,-0.2890565006239834,-0.27193902798864505,-0.21177492790506514,-0.3083989140198566,-0.2755088154987539,-0.3409480804457599,-0.2908359192288773,-0.2649330482347146,0.04359809474162005,39
83,0.004267835617065429,0.00035096774895865626,0.0005468845367431641,2.9201711570480643e-05,False,0,0.5,0.01,0.5,42,1,1500,0.0,12,6,0.9,304,,400,quantile,0.1,,friedman_mse,0.7,0.9,"{'warm_start': False, 'verbose': 0, 'validation_fraction': 0.5, 'tol': 0.01, 'subsample': 0.5, 'random_state': 42, 'n_iter_no_change': 1, 'n_estimators': 1500, 'min_weight_fraction_leaf': 0.0, 'min_samples_split': 12, 'min_samples_leaf': 6, 'min_impurity_decrease': 0.9, 'max_leaf_nodes': 304, 'max_features': None, 'max_depth': 400, 'loss': 'quantile', 'learning_rate': 0.1, 'init': None, 'criterion': 'friedman_mse', 'ccp_alpha': 0.7, 'alpha': 0.9}",-0.31636213414029296,-0.31273028226987754,-0.26704138735628136,-0.3700731913922736,-0.3592806163259391,-0.25549110000641856,-0.3953400104432007,-0.3516539800789974,-0.43514046404176276,-0.382162472087168,-0.3445275638142212,0.05372705479377009,87
84,0.01645781993865967,0.006511702171976226,0.0008417606353759765,0.0008544796824072414,True,0,0.5,0.0001,0.3,42,3,300,0.4,3,11,0.9,304,,800,absolute_error,0.9,,friedman_mse,0.8,0.5,"{'warm_start': True, 'verbose': 0, 'validation_fraction': 0.5, 'tol': 0.0001, 'subsample': 0.3, 'random_state': 42, 'n_iter_no_change': 3, 'n_estimators': 300, 'min_weight_fraction_leaf': 0.4, 'min_samples_split': 3, 'min_samples_leaf': 11, 'min_impurity_decrease': 0.9, 'max_leaf_nodes': 304, 'max_features': None, 'max_depth': 800, 'loss': 'absolute_error', 'learning_rate': 0.9, 'init': None, 'criterion': 'friedman_mse', 'ccp_alpha': 0.8, 'alpha': 0.5}",-0.2245903642452678,-0.23482570316407322,-0.20396815481275327,-0.28495423053460983,-0.2832287196316061,-0.21467870398089853,-0.29910734751317697,-0.27067943871249933,-0.32756707474502256,-0.28057535252066246,-0.262417508986057,0.03849299725327418,30
85,0.00473933219909668,0.001999917990067182,0.000536966323852539,5.629302479806509e-05,False,0,0.5,0.01,0.6,42,1,1100,0.0,8,12,0.8,346,,2000,squared_error,0.4,,friedman_mse,0.4,0.2,"{'warm_start': False, 'verbose': 0, 'validation_fraction': 0.5, 'tol': 0.01, 'subsample': 0.6, 'random_state': 42, 'n_iter_no_change': 1, 'n_estimators': 1100, 'min_weight_fraction_leaf': 0.0, 'min_samples_split': 8, 'min_samples_leaf': 12, 'min_impurity_decrease': 0.8, 'max_leaf_nodes': 346, 'max_features': None, 'max_depth': 2000, 'loss': 'squared_error', 'learning_rate': 0.4, 'init': None, 'criterion': 'friedman_mse', 'ccp_alpha': 0.4, 'alpha': 0.2}",-0.21484205089839215,-0.23456950437359408,-0.19687861451526528,-0.2712409913492751,-0.25205556195981343,-0.22646197746233368,-0.29160418488333695,-0.26818872151271855,-0.31951258781682657,-0.26788143760416316,-0.2543235632375719,0.035117030348172595,12
86,0.006810426712036133,0.000711929646322543,0.0006473541259765625,0.0001976837350860727,False,0,0.5,0.01,0.2,42,3,1200,0.2,20,4,0.4,52,log2,400,absolute_error,0.8,,friedman_mse,1.0,0.3,"{'warm_start': False, 'verbose': 0, 'validation_fraction': 0.5, 'tol': 0.01, 'subsample': 0.2, 'random_state': 42, 'n_iter_no_change': 3, 'n_estimators': 1200, 'min_weight_fraction_leaf': 0.2, 'min_samples_split': 20, 'min_samples_leaf': 4, 'min_impurity_decrease': 0.4, 'max_leaf_nodes': 52, 'max_features': 'log2', 'max_depth': 400, 'loss': 'absolute_error', 'learning_rate': 0.8, 'init': None, 'criterion': 'friedman_mse', 'ccp_alpha': 1.0, 'alpha': 0.3}",-0.24345071596364282,-0.23845422924598333,-0.1913759877999057,-0.2759918300621699,-0.25595564109905694,-0.2226735118008137,-0.2963994576290104,-0.2749088590116763,-0.33689213508585636,-0.28937568160986454,-0.262547804930798,0.03920501100630913,32
87,0.010199928283691406,0.004168805294620214,0.0018478631973266602,0.003670572873728437,True,0,0.5,0.01,0.6,42,3,2000,0.1,18,3,0.9,220,log2,1800,quantile,0.2,,friedman_mse,0.1,0.5,"{'warm_start': True, 'verbose': 0, 'validation_fraction': 0.5, 'tol': 0.01, 'subsample': 0.6, 'random_state': 42, 'n_iter_no_change': 3, 'n_estimators': 2000, 'min_weight_fraction_leaf': 0.1, 'min_samples_split': 18, 'min_samples_leaf': 3, 'min_impurity_decrease': 0.9, 'max_leaf_nodes': 220, 'max_features': 'log2', 'max_depth': 1800, 'loss': 'quantile', 'learning_rate': 0.2, 'init': None, 'criterion': 'friedman_mse', 'ccp_alpha': 0.1, 'alpha': 0.5}",-0.23373748695855917,-0.24048722327315694,-0.19938917950894616,-0.3010611794689867,-0.28286479906780637,-0.21098504343412453,-0.3167231222179412,-0.2833906690204919,-0.3492972548522781,-0.29603536566523186,-0.2713971323467522,0.04592783699158483,69
88,0.03088705539703369,0.008765816477007696,0.0016320466995239258,0.0026028939183423225,True,0,0.2,0.0001,0.8,42,5,1100,0.3,9,13,0.2,178,auto,,huber,0.6,,squared_error,0.5,0.8,"{'warm_start': True, 'verbose': 0, 'validation_fraction': 0.2, 'tol': 0.0001, 'subsample': 0.8, 'random_state': 42, 'n_iter_no_change': 5, 'n_estimators': 1100, 'min_weight_fraction_leaf': 0.3, 'min_samples_split': 9, 'min_samples_leaf': 13, 'min_impurity_decrease': 0.2, 'max_leaf_nodes': 178, 'max_features': 'auto', 'max_depth': None, 'loss': 'huber', 'learning_rate': 0.6, 'init': None, 'criterion': 'squared_error', 'ccp_alpha': 0.5, 'alpha': 0.8}",-0.22169578674274157,-0.23541626157234405,-0.19143117532921886,-0.27887546290937704,-0.2622602085659925,-0.21518369541626445,-0.30108709204958317,-0.2728516506101939,-0.33652350489069993,-0.28720811086446985,-0.2602532948950885,0.041942758654439236,26
89,0.006739926338195801,0.0028381919163103023,0.001632523536682129,0.0022412209444727807,False,0,0.5,0.001,0.4,42,1,1300,0.3,2,12,0.3,178,sqrt,1000,quantile,1.0,,friedman_mse,0.0,0.1,"{'warm_start': False, 'verbose': 0, 'validation_fraction': 0.5, 'tol': 0.001, 'subsample': 0.4, 'random_state': 42, 'n_iter_no_change': 1, 'n_estimators': 1300, 'min_weight_fraction_leaf': 0.3, 'min_samples_split': 2, 'min_samples_leaf': 12, 'min_impurity_decrease': 0.3, 'max_leaf_nodes': 178, 'max_features': 'sqrt', 'max_depth': 1000, 'loss': 'quantile', 'learning_rate': 1.0, 'init': None, 'criterion': 'friedman_mse', 'ccp_alpha': 0.0, 'alpha': 0.1}",-0.428601540193162,-0.4624740059562026,-0.43492762038725213,-0.4188286341621132,-0.4485609994118772,-0.41569532638704754,-0.45242348908263486,-0.44483876996323796,-0.2833080989748812,-0.34305893637906154,-0.41327174208974704,0.05362522745483252,91
90,0.00630948543548584,0.0032798398133249617,0.0006429195404052734,0.00024115256595214657,True,0,0.2,0.01,0.2,42,3,600,0.4,5,11,0.9,10,,800,squared_error,0.2,,squared_error,0.6,0.3,"{'warm_start': True, 'verbose': 0, 'validation_fraction': 0.2, 'tol': 0.01, 'subsample': 0.2, 'random_state': 42, 'n_iter_no_change': 3, 'n_estimators': 600, 'min_weight_fraction_leaf': 0.4, 'min_samples_split': 5, 'min_samples_leaf': 11, 'min_impurity_decrease': 0.9, 'max_leaf_nodes': 10, 'max_features': None, 'max_depth': 800, 'loss': 'squared_error', 'learning_rate': 0.2, 'init': None, 'criterion': 'squared_error', 'ccp_alpha': 0.6, 'alpha': 0.3}",-0.21519817078897469,-0.23283353686742056,-0.20063110728933323,-0.27069994092365124,-0.2505126652595402,-0.23423403088822922,-0.28735946950926944,-0.26701101976706704,-0.31498162972936616,-0.27023506719348206,-0.25436966382163334,0.03278215030368669,13
91,0.01324162483215332,0.002447972692284177,0.0005595922470092773,2.7954708029928368e-05,False,0,0.3,0.001,0.9,42,7,1000,0.3,16,3,0.5,10,auto,200,absolute_error,0.9,,squared_error,0.7,0.7,"{'warm_start': False, 'verbose': 0, 'validation_fraction': 0.3, 'tol': 0.001, 'subsample': 0.9, 'random_state': 42, 'n_iter_no_change': 7, 'n_estimators': 1000, 'min_weight_fraction_leaf': 0.3, 'min_samples_split': 16, 'min_samples_leaf': 3, 'min_impurity_decrease': 0.5, 'max_leaf_nodes': 10, 'max_features': 'auto', 'max_depth': 200, 'loss': 'absolute_error', 'learning_rate': 0.9, 'init': None, 'criterion': 'squared_error', 'ccp_alpha': 0.7, 'alpha': 0.7}",-0.2341473635114182,-0.24314204027145125,-0.19595619417819932,-0.2937366229261237,-0.27600905104755574,-0.21126749821519253,-0.3099741842899437,-0.27823240152560813,-0.34686536905409443,-0.2945259367238973,-0.26838566617434845,0.044370872306498915,59
92,0.0038471460342407227,0.001597128244435775,0.0008176088333129883,0.0006856852433792565,True,0,0.3,0.0001,1.0,42,1,1100,0.3,11,4,0.8,136,,1000,squared_error,0.5,,squared_error,0.6,0.2,"{'warm_start': True, 'verbose': 0, 'validation_fraction': 0.3, 'tol': 0.0001, 'subsample': 1.0, 'random_state': 42, 'n_iter_no_change': 1, 'n_estimators': 1100, 'min_weight_fraction_leaf': 0.3, 'min_samples_split': 11, 'min_samples_leaf': 4, 'min_impurity_decrease': 0.8, 'max_leaf_nodes': 136, 'max_features': None, 'max_depth': 1000, 'loss': 'squared_error', 'learning_rate': 0.5, 'init': None, 'criterion': 'squared_error', 'ccp_alpha': 0.6, 'alpha': 0.2}",-0.2147401544292591,-0.2341081608077098,-0.1988881438852425,-0.27079214740029256,-0.2503136595057742,-0.234616655214784,-0.28739332295528863,-0.2670886449936417,-0.3136528805076514,-0.26841771585473484,-0.25400114855543793,0.0327083783098783,6
93,0.00500037670135498,0.0015490450356052126,0.0005697965621948242,9.138416191207932e-05,False,0,0.4,0.1,1.0,42,1,1700,0.4,12,14,0.5,,auto,600,absolute_error,0.1,,friedman_mse,1.0,0.2,"{'warm_start': False, 'verbose': 0, 'validation_fraction': 0.4, 'tol': 0.1, 'subsample': 1.0, 'random_state': 42, 'n_iter_no_change': 1, 'n_estimators': 1700, 'min_weight_fraction_leaf': 0.4, 'min_samples_split': 12, 'min_samples_leaf': 14, 'min_impurity_decrease': 0.5, 'max_leaf_nodes': None, 'max_features': 'auto', 'max_depth': 600, 'loss': 'absolute_error', 'learning_rate': 0.1, 'init': None, 'criterion': 'friedman_mse', 'ccp_alpha': 1.0, 'alpha': 0.2}",-0.23457548114642315,-0.24218826839601224,-0.1960807311681626,-0.2921764959775775,-0.27538600738249125,-0.21174074502988482,-0.3098146730317732,-0.2798308960941249,-0.3451750654146748,-0.2945889054625785,-0.2681557269103703,0.04394444231161797,55
94,0.010399127006530761,0.002926031948344697,0.0006477832794189453,0.0002293674711177693,False,0,0.1,0.01,0.2,42,3,1800,0.5,19,7,0.5,262,log2,1200,huber,0.8,,friedman_mse,0.7,0.3,"{'warm_start': False, 'verbose': 0, 'validation_fraction': 0.1, 'tol': 0.01, 'subsample': 0.2, 'random_state': 42, 'n_iter_no_change': 3, 'n_estimators': 1800, 'min_weight_fraction_leaf': 0.5, 'min_samples_split': 19, 'min_samples_leaf': 7, 'min_impurity_decrease': 0.5, 'max_leaf_nodes': 262, 'max_features': 'log2', 'max_depth': 1200, 'loss': 'huber', 'learning_rate': 0.8, 'init': None, 'criterion': 'friedman_mse', 'ccp_alpha': 0.7, 'alpha': 0.3}",-0.22802101135127606,-0.2372823765650364,-0.19384702442877258,-0.2827362573178176,-0.26407240149663963,-0.21255961881490726,-0.30627943108590117,-0.274898102117392,-0.33664531082762733,-0.2883117695667301,-0.26246533035721004,0.0420453261881871,31
95,0.001200103759765625,0.0003820817359350957,0.0,0.0,False,0,0.4,0.01,0.1,42,3,300,0.1,15,7,0.3,178,log2,,absolute_error,0.8,,squared_error,0.1,0.0,"{'warm_start': False, 'verbose': 0, 'validation_fraction': 0.4, 'tol': 0.01, 'subsample': 0.1, 'random_state': 42, 'n_iter_no_change': 3, 'n_estimators': 300, 'min_weight_fraction_leaf': 0.1, 'min_samples_split': 15, 'min_samples_leaf': 7, 'min_impurity_decrease': 0.3, 'max_leaf_nodes': 178, 'max_features': 'log2', 'max_depth': None, 'loss': 'absolute_error', 'learning_rate': 0.8, 'init': None, 'criterion': 'squared_error', 'ccp_alpha': 0.1, 'alpha': 0.0}",,,,,,,,,,,,,96
96,0.006137204170227051,0.0016158128316976616,0.0007541656494140625,0.0005958449290077569,False,0,0.2,0.01,1.0,42,5,500,0.1,11,19,0.2,10,sqrt,1000,squared_error,0.7,,friedman_mse,0.9,0.4,"{'warm_start': False, 'verbose': 0, 'validation_fraction': 0.2, 'tol': 0.01, 'subsample': 1.0, 'random_state': 42, 'n_iter_no_change': 5, 'n_estimators': 500, 'min_weight_fraction_leaf': 0.1, 'min_samples_split': 11, 'min_samples_leaf': 19, 'min_impurity_decrease': 0.2, 'max_leaf_nodes': 10, 'max_features': 'sqrt', 'max_depth': 1000, 'loss': 'squared_error', 'learning_rate': 0.7, 'init': None, 'criterion': 'friedman_mse', 'ccp_alpha': 0.9, 'alpha': 0.4}",-0.21475886990933976,-0.23397297828786207,-0.2005271928002902,-0.2705165876205035,-0.25018862784238316,-0.23430066527927815,-0.28791192784788666,-0.26710959785890975,-0.31299417448282835,-0.26862608398946886,-0.25409067059187507,0.03239090946956298,9
97,0.009183669090270996,0.0020164004582861115,0.0005816221237182617,5.132584998977082e-05,True,0,0.1,0.01,0.4,42,3,400,0.4,11,5,0.9,,sqrt,2000,quantile,1.0,,friedman_mse,0.5,0.7,"{'warm_start': True, 'verbose': 0, 'validation_fraction': 0.1, 'tol': 0.01, 'subsample': 0.4, 'random_state': 42, 'n_iter_no_change': 3, 'n_estimators': 400, 'min_weight_fraction_leaf': 0.4, 'min_samples_split': 11, 'min_samples_leaf': 5, 'min_impurity_decrease': 0.9, 'max_leaf_nodes': None, 'max_features': 'sqrt', 'max_depth': 2000, 'loss': 'quantile', 'learning_rate': 1.0, 'init': None, 'criterion': 'friedman_mse', 'ccp_alpha': 0.5, 'alpha': 0.7}",-0.2761025704840403,-0.27686062470285655,-0.2303557842353481,-0.33212812497182354,-0.3168152649907164,-0.22679700991318935,-0.35696397775358346,-0.3128635385684821,-0.3917507704612108,-0.34416772124986417,-0.30648053873311143,0.05098025595127982,78
98,0.008870291709899902,0.0038400385561753437,0.000571131706237793,3.7980498714493834e-05,True,0,0.2,0.1,0.6,42,1,1500,0.4,9,19,0.8,220,sqrt,1800,huber,0.3,,friedman_mse,0.2,0.5,"{'warm_start': True, 'verbose': 0, 'validation_fraction': 0.2, 'tol': 0.1, 'subsample': 0.6, 'random_state': 42, 'n_iter_no_change': 1, 'n_estimators': 1500, 'min_weight_fraction_leaf': 0.4, 'min_samples_split': 9, 'min_samples_leaf': 19, 'min_impurity_decrease': 0.8, 'max_leaf_nodes': 220, 'max_features': 'sqrt', 'max_depth': 1800, 'loss': 'huber', 'learning_rate': 0.3, 'init': None, 'criterion': 'friedman_mse', 'ccp_alpha': 0.2, 'alpha': 0.5}",-0.231508584954818,-0.24044316758230153,-0.1939695424273419,-0.28897596999956227,-0.27198932840378565,-0.2114698084843481,-0.31111120059998937,-0.2797115964727543,-0.3476187945017267,-0.2950438209856604,-0.26718418144122885,0.045036298522373584,47
99,0.012940144538879395,0.002054879278455838,0.001109743118286133,0.0013403717760475573,True,0,0.4,0.1,0.4,42,7,600,0.3,19,2,0.7,52,auto,2000,absolute_error,0.4,,friedman_mse,0.5,0.2,"{'warm_start': True, 'verbose': 0, 'validation_fraction': 0.4, 'tol': 0.1, 'subsample': 0.4, 'random_state': 42, 'n_iter_no_change': 7, 'n_estimators': 600, 'min_weight_fraction_leaf': 0.3, 'min_samples_split': 19, 'min_samples_leaf': 2, 'min_impurity_decrease': 0.7, 'max_leaf_nodes': 52, 'max_features': 'auto', 'max_depth': 2000, 'loss': 'absolute_error', 'learning_rate': 0.4, 'init': None, 'criterion': 'friedman_mse', 'ccp_alpha': 0.5, 'alpha': 0.2}",-0.23420736016840007,-0.24260420530929092,-0.19626480013071432,-0.29428563026662796,-0.27143044736668315,-0.21415782445695136,-0.3039874111199956,-0.2752139660638896,-0.3426618078497712,-0.29143044222350584,-0.266624389495583,0.04241001436805023,45
